res142.471,res239.388,class
34.89976975355166,33.86748769778951,0
35.557236261689255,34.55875229828638,0
34.153514646790846,33.80815362183543,0
35.0188793698474,34.1293932480476,0
34.258388427050996,33.00250594731657,0
35.69602230660752,33.405964169535984,0
33.02880995622317,32.21322414759476,0
33.919446057775914,31.923664826581252,0
35.08269205628966,33.55895957530955,0
33.977897164929836,33.44739489513758,0
33.92343937441278,33.22731815357632,0
33.34904777802507,32.787294646677495,0
33.43971175107777,32.94843002292376,0
34.97952022202482,32.610374614558324,0
34.031416668635124,32.47880812917492,0
34.15220792767744,33.480674651394715,0
33.825336819796675,33.28212085518777,0
33.673295992570544,33.711584827236614,0
34.06908067757773,34.496038139831704,0
34.30582431829092,33.99961511372865,0
33.95099711127406,33.462962656343834,0
33.32206033297671,33.51843248087056,0
33.91656664725304,33.611110098462746,0
33.731846159253415,32.15845836034911,0
35.70037444630484,32.35051919100811,0
34.912990386083706,33.55624692541205,0
34.1256542482984,33.74710148757373,0
33.80654666455799,33.93255141258994,0
35.323492102110514,32.450017034721384,0
34.495598990609444,32.6247302967846,0
33.170740264786645,32.957753695931956,0
34.851670768236055,33.5098861547022,0
34.795883839296316,33.44382582504682,0
33.050939581131466,32.493495280453295,0
34.276176486328914,34.75225083320792,0
34.40492082876842,33.680122610843,0
34.114233431716634,33.14554223682331,0
34.14918434614998,33.45493131974084,0
33.72356501268608,32.451126597563494,0
33.15197683871336,32.684887373614295,0
33.91300314304163,33.30449746580818,0
34.1075660470231,32.8819862869692,0
32.79799068461035,32.93198897225012,0
33.64173852206518,32.094990765967104,0
32.58596173214787,32.464967436832886,0
33.215179559785476,32.91124197655196,0
33.66779283158081,32.325677806351024,0
34.31296272834514,33.68486933760104,0
33.72273870289419,33.151637838910496,0
33.66143766179362,32.87486156711697,0
33.97948323704901,33.724837158902915,0
33.53951596103999,32.39621732455592,0
32.848412005372275,33.393725803427365,0
33.3599962525413,32.617945636551305,0
32.7708748336205,32.75701061134386,0
33.82238134129626,33.39257134889597,0
33.63075369860266,32.56340835847632,0
33.64384966885592,31.83985461585731,0
33.790612375903315,32.21018411432416,0
33.62034939976656,32.15798190229015,0
33.710111971291575,32.76461073987333,0
33.695723158489216,32.99919686496419,0
35.78237769971722,35.55592017873757,0
36.00838783912719,34.81041393635957,0
36.63164464427267,36.38849459976603,0
36.427758168747935,35.0006729255376,0
36.314141232356484,35.20004015975632,0
36.77088072430399,34.9747542120059,0
36.56692812707355,36.21475473469652,0
36.19597518018527,35.38354336100159,0
36.73972632857201,35.69684371856772,0
35.696105786629914,33.809753596738894,0
36.47379296604825,35.95204766001774,0
35.39303586907987,35.29356013678665,0
36.48655835976767,34.96780935795617,0
36.119671109689186,35.09522496219177,0
36.11409633490911,33.97178150382725,0
35.07806377503532,34.273208340600476,0
35.532482234454,34.79524246611429,0
35.83142526398489,35.88323714388001,0
35.4385513594963,34.36380911239719,0
37.3953200798524,35.24439630598009,0
36.06948532273357,35.072473640198616,0
35.15377552698007,34.92246369264981,0
36.05131422159146,34.80017846624178,0
35.93237597029401,34.00124924978887,0
36.85733089308077,34.8560090043156,0
37.53942727223507,34.462976241853255,0
36.13885300428498,33.23577073572878,0
36.75990031018171,34.444358035879915,0
38.264819209499365,35.866251029768506,0
37.47385165043081,35.66426409816135,0
38.12824894054943,35.89393165409902,0
38.40657160308315,35.83404927914292,0
36.65119093393566,35.44849932364043,0
36.790674673569974,36.7568164131493,0
37.793430990188796,35.68398795412539,0
37.63389318321852,34.96183799841375,0
37.75564568687282,36.3668922007171,0
37.75239737249955,35.448163334642985,0
36.915918029104354,35.311196612420424,0
37.040712520941916,35.39265738171577,0
37.65907542199216,33.66798694465434,0
37.10967267841624,35.14135305262016,0
37.34946635833614,34.84639700863209,0
38.31935764158142,35.848122240121555,0
39.54375029931966,36.25248057495494,0
38.196703962837574,35.330290592112064,0
38.246262164446286,35.145393040501006,0
37.40055240894381,34.675707444471726,0
38.082887501906484,36.14465668600274,0
38.893841897150836,36.10949714183592,0
36.94363807666181,34.8726372597753,0
37.472413848990065,34.25422033813803,0
37.264509359905745,34.37177287300782,0
37.54168623298207,35.20206507796748,0
36.64417278819406,34.062185368831585,0
37.2990906856393,35.22371769166674,0
37.38251512057612,35.51228152500368,0
37.7022925310983,35.37941617886609,0
37.74002499649997,34.97590092733429,0
37.3338017116898,34.81599258858693,0
36.88951503157162,35.39975281223029,0
36.80449967857246,35.449267979987034,0
37.85477815271725,35.08595865822573,0
35.67163826192755,35.734772916630575,0
36.85379461697377,36.05216027899497,0
36.04042211730407,35.514148831439456,0
34.81483470695927,33.871226830478854,0
35.11327818877688,34.40028283763992,0
35.77143281806788,34.97138908326859,0
36.69582836764357,36.041218484382505,0
35.09695060202952,34.96915510863984,0
35.5818908928135,35.256858408667625,0
33.95968270114403,35.054777191062755,0
34.02346560374735,34.71581899248058,0
33.86103876783378,34.190131261567124,0
35.354556850385094,35.49379471749245,0
35.19365762060657,34.24255061984553,0
36.03606931983901,34.673388115573566,0
35.18491086581302,34.59791277315157,0
35.451689781226236,35.27460115153017,0
34.7216412171238,34.238855138707386,0
36.4909445931802,35.07840785056932,0
35.425754442153696,35.69137609730493,0
34.58838347908217,34.787947429132686,0
36.26353356099292,34.55447252002098,0
36.00214281814016,34.336630956551865,0
35.33843390244269,34.2196689772828,0
34.45311214267427,33.938805601832726,0
34.95946391456366,33.74468164985689,0
35.49417165224282,34.56629443050865,0
34.4589590348317,33.264992347138275,0
34.205651903972864,33.56433310732075,0
35.96400090922498,34.042018136225764,0
35.5330980469572,34.11489361823289,0
35.99304115995458,33.02170509881485,0
35.75193441610104,33.880644999554626,0
35.466513078134035,34.13763668678969,0
35.97192567596238,35.30635407720378,0
35.486331358711965,34.66445405220343,0
35.966155109077505,35.42378138524359,0
36.22444287606333,36.23235333072224,0
35.080307093330305,34.94404837521058,0
35.471801775371546,35.388591342026366,0
35.60235135426151,35.30558650472029,0
35.621915272324195,35.034849058670474,0
34.538217082422506,34.279080800433114,0
35.88868849071212,34.597384319827015,0
35.53806344875344,34.831102900143385,0
35.383435132627135,34.375120898861866,0
34.90275530481088,35.230576727017365,0
35.833154736035134,35.56596205999659,0
35.48933336272474,35.138474716332524,0
35.95020171618005,35.3934743843535,0
35.2771306161765,34.354851518024034,0
35.66028165227908,34.48921619486033,0
34.834524107894495,33.814264257087174,0
35.05945284404007,34.094535044281876,0
34.53328141405639,33.088554460517464,0
35.34989327626381,34.152799034730755,0
34.89460511802214,33.559473834838485,0
33.90374237209574,33.69194337071943,0
35.046614924747985,33.337733088910866,0
34.94128187031757,33.285317545927455,0
33.198622465782044,33.0840656096102,0
34.28240511333963,33.56444221811215,0
34.564252837313425,34.601089663753974,0
35.20998251690496,34.95463157108456,0
35.327529053160944,34.150466962885986,0
35.16649245281769,33.791273458244326,0
35.47354604481064,34.557903768213734,0
34.28501089363,33.920049632262625,0
36.49726985356954,33.84339946679541,0
36.51557588528376,34.238155916676725,0
35.055560880994484,33.66141455415057,0
36.98742694195288,34.11328710773505,0
35.92536083631755,34.367487446973755,0
36.27399385622948,34.03006294363949,0
36.09745216700228,33.85787622986505,0
36.96927017429746,33.91175513117803,0
37.485521728730916,34.762768536850366,0
37.034093483683534,35.020375159551385,0
37.460618689909424,34.16855932900519,0
37.017769019035924,33.48772095056682,0
37.22064012324691,34.40225123394113,0
36.15336842722304,34.94829338215121,0
35.842691765827716,34.34687024384691,0
37.51273907707432,34.1275023690686,0
36.31043568581389,34.01763558167047,0
35.002977771411764,34.038962962331,0
35.04177021235994,33.775836625976,0
35.31739780826072,33.658017902377935,0
34.649803271152074,34.79142909093356,0
34.72657723532777,33.191543885537094,0
35.40533448692731,33.30511882167801,0
33.93584761635344,33.942135922312815,0
36.16492043820225,35.6228483174964,0
34.47013747742359,34.52631557389022,0
34.838238212431044,33.24329643878068,0
35.606291395994376,34.34531499221978,0
33.92238382773519,33.90369459728095,0
34.33510927868298,33.61771733735065,0
34.303503493494055,33.89802187556011,0
34.45761173019162,33.14997024750114,0
34.08965036086416,34.871045608132604,0
34.28545014222636,33.31146281333855,0
33.74260776793208,33.62729151076104,0
35.10849689772603,34.24749396672152,0
34.46576912235975,33.18600080613871,0
34.417768608023906,33.77648175876118,0
35.32259368301598,33.94227629663141,0
34.42972223889104,33.028337201078735,0
34.61213580084596,34.63827448934694,0
34.04606534805217,34.238786322818605,0
34.437201516245054,33.89208733296696,0
34.65923438830249,34.12017235664051,0
33.66499841904456,34.25172455263661,0
34.4633625937661,35.003046873579834,0
33.92029211784404,32.25856518599455,0
34.073970669502074,33.41572617613682,0
33.4260767326508,33.81205255732304,0
34.10482784498395,32.86923937778215,0
34.164682532166246,33.204551630716324,0
33.893705093067,32.815441393631616,0
33.71637643230541,33.78260885397175,0
33.961206479445885,33.74363117281578,0
35.17065574641571,33.20116954457806,0
34.30536549912913,33.33361164342149,0
34.745411893449464,34.36634471397228,0
34.380976699617726,33.6993097096382,0
35.04287949807662,35.491425935078944,0
34.83706125709994,34.11693825171682,0
34.977001472525224,34.36330578173401,0
35.47094283241989,36.19230905740001,0
34.68676994178175,34.917173608238215,0
35.16441539425915,36.09224183355273,0
36.39745066585879,35.79842765624254,0
37.049410452046466,36.290349822921094,0
37.118630731455795,36.545746051724365,0
37.32411698055079,36.09688345468264,0
37.0189807115766,36.130543056054265,0
36.70402911467331,35.351085192907995,0
37.09959964361478,36.691316575716066,0
38.26050710505491,37.57344701786135,0
37.99904353755483,38.431394241561364,0
36.23665720236413,35.993271298268425,0
36.06937693716784,36.1062965862707,0
36.82628828473019,37.390178242016475,0
36.07600191044001,34.8390993970051,0
36.34182578160111,35.287359948097865,0
35.74112936816656,35.10612875860236,0
36.616664466303234,35.38650353074189,0
37.842845734385,36.6216839575525,0
36.423490673385636,34.24024280608987,0
36.96605051435203,35.14803659856454,0
36.76938091980448,35.27564445852082,0
36.66932760677476,35.22040050925468,0
36.76251335488513,35.25037577222766,0
35.95076142885615,34.26086993056483,0
36.713741202965274,35.21242222838255,0
36.373567545246566,34.720715244828476,0
36.531925140130504,35.38836840864627,0
35.585860531040446,34.37902176708181,0
36.639243414299415,35.54242203263342,0
36.120334073163406,35.00653504538325,0
36.819644751115895,35.07616196381928,0
35.854634982447905,35.34378301971427,0
35.9047604451802,34.91721189858808,0
36.181157617015565,35.34621604479946,0
37.31975058381151,35.43257287741072,0
36.03489175710106,34.649592928788934,0
34.98104215878611,34.39686223128695,0
35.45747447929396,35.00509312028946,0
36.3147985148026,35.47946188945595,0
35.96224820376158,34.76889739786616,0
35.917526883692865,35.17058196101277,0
35.63393057433857,34.59461299880035,0
35.57620747238867,34.68216684792277,0
35.60281050397186,35.3543367451417,0
36.897731143711695,36.15637988789166,0
37.171278920301646,36.1440805529307,0
37.19221034489919,37.34106040768942,0
36.33865227410131,35.88718902182763,0
36.59075821641144,35.88485417109666,0
36.980872089778636,36.33468723071638,0
37.511289034564925,35.30232720901131,0
37.64104056421208,36.64005381322538,0
36.69839956339478,36.57009502393611,0
36.13746755194475,35.84593137447897,0
36.94448758141613,36.25140429578847,0
37.23647715000812,36.489146296234786,0
38.03523485608371,38.166393534413146,0
37.93820339650346,38.54031794444101,0
35.04237269852293,35.76437633816517,0
36.163275399864496,35.37936942203118,0
35.26988690297128,34.268570600220066,0
34.19869469411523,34.623285242417225,0
34.610904263828075,35.61208027665219,0
33.89571151108169,34.689667216361286,0
34.70703347499234,37.01787051116822,0
35.49298235758851,35.34795832049831,0
34.43769907413872,35.487539628330175,0
35.800691123624965,35.653947621880604,0
36.667516326938355,36.106021564603985,0
35.30211035957907,33.36059222527572,0
35.19847188347491,35.19100866569666,0
35.15261746648243,34.89046286684243,0
33.90835970916452,34.76119426555847,0
35.478465177026735,33.87146799022728,0
34.52731812173979,34.64549265444681,0
35.68261849367757,35.14694914866326,0
35.35605965571781,33.93884270690289,0
34.76834405497282,34.70665961940396,0
34.59682518989989,33.6694486833088,0
35.519087465663745,33.61793548179815,0
34.99511252087682,34.839913406149336,0
35.45665332314987,34.22250758945431,0
35.27730230951143,34.91407512086447,0
36.01648359902844,34.59381638220414,0
36.108984913905715,34.00893203880045,0
36.12329707027139,33.87848341863722,0
35.05181764615635,34.52793594018031,0
36.5473551574129,34.8956002066997,0
36.862278841384814,35.01519678866775,0
37.48054126116143,34.355611810479864,0
37.42761385902992,36.70152591639409,0
35.50014524929956,34.52923025142093,0
37.05948064135074,34.174227624218744,0
36.519537970646425,34.034532597978796,0
37.2388226472452,35.92620909834172,0
36.45153239913126,33.74975384677403,0
37.324711376631946,34.158175945902734,0
37.31210211878043,34.72543391094233,0
37.750607902516805,34.98219466067237,0
38.155221003262085,33.73556456072544,0
37.22833241147973,34.35326715878148,0
36.69671287152894,33.748300460303525,0
36.35424411220289,34.19066037768595,0
37.55616171501656,34.82149409210385,0
36.84876854069862,34.76636137690977,0
36.913779759316256,34.52013192960376,0
37.49962841269083,34.528819224547576,0
37.10882260460424,33.376032516919835,0
38.40643792261053,34.527066718448964,0
37.64112891073161,34.43964480156614,0
37.29415292347345,34.364623037334034,0
36.93269656781587,34.54008939349563,0
36.64851626715344,34.71001037909083,0
37.1732055032673,34.917614782293015,0
36.64501049924584,35.2983738646518,0
37.784069695264684,35.309055498141085,0
35.712022368009585,34.429129411448336,0
36.04399659941811,33.310510007532216,0
36.216343852665936,34.531031890160364,0
35.79875571556679,33.495842786481894,0
35.94817327060498,33.83872673544802,0
35.291612696499435,35.557807186343766,0
35.84914390593887,33.971145214839076,0
35.12469518223419,35.99019739455812,0
36.34703546837045,34.56460262881505,0
36.22284614508369,34.44173903417124,0
36.0997543680501,34.08039180054881,0
35.9068104087001,33.627137355314645,0
35.48405440340189,31.994679076943378,0
35.57725186429263,33.897711112693685,0
36.3644833615164,34.39358907112932,0
35.44027041596161,34.551275061759696,0
34.82212824495229,34.64042076816246,0
35.197934516004935,33.5028406563545,0
35.85153101325781,34.778054748089325,0
36.98151524309504,34.74735018296302,0
36.13747841796493,34.02145364275481,0
35.29306927081838,35.30207400150317,0
35.0546094080556,34.34143576042038,0
36.292533077374266,35.209859528618374,0
36.92922000881211,35.90300909288071,0
36.455237402700206,35.147637260869786,0
35.694958331324735,34.25893561251627,0
36.382562529763256,34.87187592734995,0
34.23742001705955,33.316907305190405,0
35.16441919221596,33.474755749362785,0
36.24088834372019,34.79762305282795,0
34.08688169425102,34.17903930520564,0
36.943339554154676,34.95758664150653,0
34.96009701458092,34.36468849546521,0
35.75355755135312,34.248578834758405,0
36.41233354036761,34.277926444024864,0
36.19545661654604,34.90144512467213,0
36.51646234546405,33.46465818533475,0
35.72228199516447,33.32206247458808,0
36.234995551507964,33.10619543313352,0
36.07377213709637,33.953934874750544,0
35.76519978156327,33.649963779334726,0
36.42767216163216,34.93954074485247,0
35.59499799601421,33.579602427975544,0
36.264530633209645,33.56428196663085,0
35.57508105934161,35.055617454759265,0
36.068622289471435,33.29064141565267,0
36.75132856249419,34.08357124765601,0
35.02492067681223,33.60001630460056,0
36.19246132589376,34.46366602703243,0
35.97533363130834,34.26784869637242,0
36.95805139744745,35.18862554633734,0
36.525633490293785,35.08389234383862,0
35.89645593419174,33.913526801383306,0
37.12671676013326,34.940381200272284,0
37.833319952959705,34.498889146777714,0
36.52798380557876,34.99389663949803,0
37.42151796563155,35.089245880779366,0
36.27588022017566,34.063911805396046,0
35.89705485907755,34.85758970100085,0
36.39231870319047,34.61999580439528,0
36.13875928605212,35.136692176221565,0
37.091133118870815,34.944659613519185,0
37.21831418817673,34.682078209828845,0
35.72253968525967,34.37020844164209,0
35.192504859061366,34.067485160909364,0
34.21635194932627,33.797453382397265,0
34.76775000317288,34.155892246048495,0
35.76362163721379,35.86595290817009,0
35.782564492737635,34.62317630581215,0
35.5278396512403,35.49864791954871,0
35.31135691288295,35.15029125157398,0
34.55740362537783,34.58915492195624,0
35.468429436212645,34.19441520051079,0
35.974815270801486,34.9517534118403,0
34.02713345904956,34.23475504105707,0
35.49069036241091,33.917977954327434,0
36.00978701406805,34.68953674609559,0
36.28012883423944,34.53885384599751,0
35.842884330504376,34.574311935581655,0
35.95789831670303,34.51039534329334,0
35.23344240593373,33.98907690789318,0
34.88724789921365,34.480167270526756,0
34.823966337349866,35.47708162136926,0
34.66545335273455,33.99183389719164,0
34.776603837882,34.01373538967156,0
35.58022930849673,34.57413416589533,0
34.99931409491668,35.23141174334781,0
37.18148040791836,36.07943050367626,0
35.77447927555264,36.813683649199966,0
36.67445464229677,36.95204668147253,0
36.57669051793031,35.57615427213244,0
35.72548792132919,35.85511976332157,0
35.97473295830308,37.50699973158848,0
37.072895919907296,37.33737828137592,0
36.572922202415434,35.81640927086781,0
36.26182523049888,35.36003365363039,0
36.67222271344017,36.940279079694925,0
35.90305922397957,37.10451983972296,0
36.32832184248581,36.84493556543929,0
36.98490499092485,36.63296113754516,0
35.921127426508725,36.19801443950619,0
37.23882273284002,37.45302257474616,0
36.69643363517346,35.57737270127846,0
36.868460246811644,35.71606489793646,0
35.353287333189364,37.04303124119765,0
35.44162705991782,37.08226167400788,0
36.730568555120314,36.287534532232776,0
36.19424270011436,36.005421299313156,0
35.36341696072945,35.10882330136422,0
36.70910177619653,35.91904438769055,0
36.52533394745855,35.33016201863418,0
36.085935085492615,35.763273929014815,0
35.65600356941334,36.22185487551348,0
35.91421807350877,34.7264047192077,0
35.73188733284959,35.10219927086358,0
36.37601016801813,35.65809007122973,0
36.013957612021784,35.21487835568602,0
36.70291256674405,35.861557878356564,0
36.025695123246855,34.703608806102025,0
36.13912227972164,35.44466221336089,0
36.19801982478423,35.9445095936036,0
34.81038043832427,34.81128699012022,0
36.076417511708854,34.687341656601525,0
36.67777375826326,35.60370250025985,0
35.63301533344162,35.79704343837935,0
35.42219703004,35.192304261355424,0
35.24975765822045,35.09976004464907,0
35.49114146476538,34.76110254366982,0
36.70621982963239,36.76421274772845,0
36.00775062700521,36.270724609068154,0
35.096100847915764,35.71590050554585,0
34.8553618178541,35.771542884525516,0
34.096988133148294,35.98273032658957,0
34.71257298177179,36.72188505666411,0
35.01527221809247,36.49739332380477,0
35.33232691600961,36.392064637768634,0
35.25457635283787,36.78126928247201,0
34.12751001337622,34.37686676635285,0
34.47931501718058,35.38572917699974,0
35.040016787396944,35.84528599079436,0
34.2659002559539,36.19974648303935,0
35.69909304298058,35.35475808811793,0
35.45411453726498,34.58637653351377,0
36.64624020938682,35.338173130500586,0
36.890857401022785,34.084963398473676,0
35.47637651051336,35.19516018395524,0
35.31280366347004,36.395584773151036,0
34.99018162690928,36.83356318837334,0
35.83072838870715,35.729499082793275,0
34.9312058324227,35.61071730075456,0
35.681889999934675,35.43559564846282,0
34.75413614488462,34.923411899052624,0
34.90946089993838,34.82715982678117,0
33.8514510812113,33.684192141202736,0
34.276143898674505,33.52825823211823,0
33.38283574463186,33.77727252355053,0
35.19145320589865,34.23281805648517,0
35.53575574241291,34.2395289640772,0
33.384748808595766,33.462852193117875,0
34.45254234933799,34.142100667868625,0
34.09094716433261,33.94563768937503,0
34.41944487225507,33.81390098464838,0
34.75670068249028,33.97657001430137,0
35.32755783303209,34.18337499898453,0
35.913594791052525,36.0588567702336,0
34.751970977398244,33.68729736361074,0
34.943414217131156,33.8909671389308,0
34.546520688886154,33.45173461500124,0
34.554207498558476,32.96051409948612,0
34.20722262832223,33.58627407967605,0
34.47958782798484,34.543549186548915,0
34.01067142293608,33.39851798233753,0
35.35225203795378,32.82764185543393,0
35.006141407227254,35.291982427478466,0
34.65488575449617,34.40937720223622,0
33.70920112424914,33.30377369097919,0
35.06695304095702,34.6166030204881,0
34.562251696993826,33.73958273697013,0
34.16879126851485,33.50457855954114,0
34.40482806467849,33.75177189890799,0
35.712630031972026,33.15341380088756,0
35.50591727228058,33.55166233374543,0
35.332538434815895,33.71842507204873,0
35.123768706664436,33.40132127087618,0
35.541411336298545,34.207416615100534,0
35.38910427736438,34.097469584352424,0
36.156778220313306,34.04006471273649,0
35.76981071498807,34.801518669908944,0
34.61337852504235,33.69583701403199,0
33.771863267800285,32.52195703267999,0
34.40885225839368,33.57090695708931,0
33.98477202911414,33.19304549495592,0
34.51628534155255,33.56432592056439,0
34.863461463997425,35.37276244165331,0
36.46396343137157,34.344481989970866,0
37.54634833296552,36.01443298970195,0
38.11305520258435,33.68786670318969,0
36.87056083818274,34.34623544711666,0
35.33309843323074,33.18396414786713,0
35.61381552800217,33.078205612995916,0
34.61325586294513,33.01504163744852,0
36.05229176977146,32.337415213273744,0
35.229455599502316,33.31900040235822,0
34.86156736078681,32.88579048069897,0
35.47255635549645,32.79314249837139,0
36.55560796252723,33.1030049554789,0
35.69185507377366,31.894788908175308,0
36.212024859535404,32.10398059168499,0
36.69864669922997,32.60368895062205,0
37.165662029819075,32.469934775003544,0
35.29702099396422,33.344283573641576,0
36.35730466312084,31.59038450031594,0
37.01341646507466,32.45597218745815,0
35.656854404118675,31.672516854904934,0
37.236456741213864,32.74472178117367,0
38.40980055026126,33.57043907736845,0
37.356748904499376,33.78679525717146,0
36.52771866201587,32.95203153584867,0
37.25435184361641,32.88854333870373,0
36.101192173578546,32.69334928359899,0
37.148042386558686,34.173774316374015,0
37.46757936907754,33.66970976825247,0
36.412220501062116,33.41477105049344,0
37.1182995120549,33.016507616068,0
37.699033862451145,33.37038208577219,0
37.78313140372739,32.719183371672216,0
37.01408787666218,32.26056448631186,0
37.40335387225452,32.613988761270825,0
36.21667810711018,33.414424422686444,0
36.39180556460787,32.970344855840175,0
37.32951536764126,32.676396333761915,0
36.89276279846793,33.28542881083078,0
36.931087971860414,32.91818545200593,0
36.81458351693304,31.729128814870315,0
36.299774916810975,32.4647616920443,0
35.79796314980806,32.98934227279285,0
36.60791193554716,32.99982434865892,0
36.70324109236855,32.83718388048891,0
36.75858604978926,32.715885284700825,0
36.56728272737061,31.807149621913,0
36.6895846357989,32.60019181465115,0
37.426495021779616,33.29244851493838,0
37.103329246716534,32.977595652332155,0
37.32532650538152,32.74041894186773,0
36.33010036571128,32.794127034242045,0
36.728837682457815,32.39388949512027,0
36.70163985557722,32.89335820115636,0
37.372174296913286,33.00797446694098,0
37.438023924800504,32.41495015340143,0
37.18134109995536,33.22414711118347,0
36.46875260484969,32.48253637827283,0
37.32676551069055,32.9752903286019,0
37.43859904333771,32.53819215554244,0
37.63558937361608,32.80263649101058,0
38.259494426270386,33.09923677718159,0
37.157630762273115,33.65001983547687,0
34.63526484204312,33.96685442473865,0
35.86797268492339,35.56934735295278,0
34.96460950994337,35.291448613506084,0
34.856880227430594,34.723060087316846,0
35.26292969246722,36.036339905206546,0
35.89785249880983,34.48119051799055,0
35.59252612812794,33.252010873771205,0
35.24896483128627,33.88115588165866,0
37.083448813885255,33.97544740434323,0
36.281007934469464,34.04942926607355,0
36.561817452744876,34.23851254060649,0
35.2071447081455,36.32281561534647,0
36.08462896821848,37.12521160272347,0
35.68476771448033,35.338479356629215,0
35.95488924156539,33.795132166883604,0
37.34514672034909,35.78091707160052,0
36.29026535143387,34.93517888860385,0
35.4302293945109,35.3211153186481,0
36.741383514819184,36.007540079682805,0
36.80302820829361,35.87715462915648,0
36.75975094308824,35.913351289579545,0
36.98993160511475,34.34106108007678,0
37.250527959963314,35.73286575587215,0
37.305206484739806,34.9220706659261,0
37.08698080357989,35.01413319658391,0
37.47706469597671,35.24225358283375,0
35.59227137808497,34.69430466137,0
36.74776685946626,36.321894561326765,0
35.729138820918514,34.74609980203364,0
36.8967088489503,36.067893566228044,0
35.72297844892443,35.136872790812916,0
36.768452950087436,35.69054331799423,0
36.159447552512425,35.291921245557916,0
35.50931914029679,35.97352961625873,0
35.60575439005591,35.49616391959955,0
35.33929255556115,35.4303522608715,0
36.168576710384826,35.582088805053836,0
36.488754253841506,34.09846070906435,0
36.94738504451352,35.384354644495666,0
36.46934847320518,35.67124560088893,0
36.51004691205455,35.73618421007886,0
34.33610688641133,34.376120652702404,0
35.86218629276034,34.85865519741804,0
35.31765284557082,34.95400123920111,0
35.22306324379639,35.53963315956507,0
35.41227422589959,35.841793050838604,0
34.756202905987095,35.01819434222721,0
34.92296275122185,34.1668781234587,0
35.27733308425177,34.50567760171407,0
34.57327306069294,35.01567932903633,0
35.18466754037162,34.89991490401625,0
35.59953678136811,34.06559719976787,0
34.854221448825186,33.638020380853945,0
35.324291402490154,34.829467437311955,0
35.20169783127307,34.08014242702124,0
34.91772950953968,33.75489052739137,0
35.41220291013346,33.90371687406897,0
35.72895176706094,34.308821440746016,0
36.409231933976,33.06557506187921,0
34.483179377303436,34.67434794623744,0
35.173178866115954,33.717585940567126,0
34.78175860532341,33.605345352965735,0
34.97158122857899,32.93697695047508,0
35.28825714304489,35.47041660435802,0
34.894048681313805,34.713698438348096,0
33.477722589012814,34.833610585670826,0
34.90125776357089,34.20810374364372,0
33.25836425209497,34.26348219994194,0
34.21553419963527,34.16548193118791,0
33.95126686288705,33.97492926968994,0
34.87899408650683,34.166489527942716,0
35.18213026028621,33.94263059706444,0
35.00180636037686,34.57163859931222,0
34.54433227023964,34.791268362300286,0
34.49020527736733,34.97481189174843,0
34.6849522938749,34.38607814460113,0
35.2608418007383,35.46823502960576,0
34.40104389334527,34.06740981897152,0
34.64697386197541,33.27908262388529,0
34.345999063186106,34.369916009431144,0
34.81507258156124,33.56797695330865,0
35.34511156586114,35.00796307166782,0
34.168191615534845,32.981773356252454,0
34.99994953474732,34.24129275011026,0
34.45198902624895,34.16283962270767,0
35.7192620581063,34.6745827624396,0
34.64923098705212,33.55179101651375,0
35.991622748130006,33.259238047330705,0
34.225432245989936,32.618509031296504,0
34.28611396256708,33.403085858592064,0
33.24422212791614,33.72287213177443,0
34.181497858629676,31.845311874293653,0
34.13050517530116,33.53682934892509,0
34.66194081379076,32.45113998483698,0
35.34158131083267,32.61113467261304,0
33.50755149538681,31.762240229429775,0
34.58865547667188,32.51898878448691,0
34.79078448047161,34.0388221130002,0
34.383809734576054,34.877521172636015,0
35.21627702274997,32.61957783953015,0
34.07264398915036,33.88503138792414,0
35.56617000601056,34.550498240908176,0
33.424084405679054,34.178421708559284,0
33.48115735416961,33.403949306757426,0
32.67031017861896,33.30714612962599,0
34.26504538583129,32.9388047520815,0
34.11428950866891,34.19687323616808,0
34.4894627061111,34.09345661476445,0
34.72590978719265,34.179994983006985,0
35.72518099392125,33.42161148332968,0
34.49846143658531,32.2610795687827,0
34.75965099385566,32.99484867385651,0
33.31847419810685,32.67498340422965,0
33.880431377295935,33.03095840787417,0
33.303607741919805,33.49238652349993,0
33.38954570073603,32.5005843546679,0
32.529086148154754,31.548324579796937,0
32.41577598392274,33.019976603668695,0
33.3686755923927,32.77392946451708,0
32.47378689878886,31.89462092441708,0
31.883211491867417,32.77678424528941,0
32.43742717450182,32.43133464852483,0
32.75517763278824,31.64920377897904,0
33.589007345002265,32.18138914828218,0
32.53566356947409,31.793988067646215,0
34.373144034597765,33.674138048935276,1
33.598972067581826,34.37329424995821,1
33.99848366326709,35.04228019188124,1
34.24015494559795,33.85743997264756,1
34.41537049046204,34.27565199851635,1
34.71063894688581,34.18795488728559,1
34.499723829445166,34.03086560404893,1
34.2071044933174,33.75169620593729,1
33.556359751474645,32.866320176917846,1
33.811193782330626,33.356360473119246,1
34.02559437871021,34.4530473759972,1
33.618332502121305,33.3440427005418,1
33.719314680219796,33.42318006150743,1
34.249428165415665,33.40821000206594,1
34.28599309190626,33.76236532437924,1
33.57883794416923,33.66571919190332,1
33.73960013785884,33.36098222652486,1
33.325264228589724,33.26771457677295,1
33.66705989457133,33.30293192489772,1
33.677410513015765,32.95930060141444,1
33.611998599415124,32.858449812891294,1
32.890758807108945,33.36096979442316,1
33.05259050835619,33.359451685998515,1
33.37463999786439,33.81370116863726,1
32.43190839659733,33.85551193342499,1
33.55042633853633,33.30700079226965,1
33.479352281596555,33.30046083795382,1
33.653955796026125,34.71379147095738,1
33.558554265404176,33.51797744358645,1
34.04112071170893,33.910807534773184,1
33.79726696981679,33.431665723215644,1
34.27242752923995,32.97945327451737,1
34.11293099349706,33.01010412855866,1
33.49386535292203,33.25366846463677,1
33.314523647082304,33.34635020317915,1
33.11448353227664,33.0666393394086,1
34.15919639224247,33.21882611824904,1
34.14300206756428,32.37341739759765,1
34.042336665299146,33.34493786367578,1
33.777402281900876,33.33540043568126,1
33.81932157224228,32.92007891673349,1
33.670108549364116,32.76206647758451,1
32.891608642217385,34.459944546018626,1
33.22865370841093,33.50689201365871,1
34.069493126148814,32.73196581630296,1
34.261075660268666,33.44352596841156,1
33.249590718907925,33.96624938984759,1
33.23130776345465,33.3028942867582,1
34.17619937172263,34.420746932226415,1
33.871039588676375,33.91026508129466,1
33.94169360101313,32.91508574018877,1
33.2061455671602,32.630298587519164,1
33.4384729672166,33.38803702444397,1
34.36359393318032,33.19637521051401,1
33.296658968971826,33.12241487593568,1
33.897054040211145,33.51049372826049,1
33.34488432458824,33.05520460330788,1
34.44922498724214,33.28850417706808,1
33.93987253127963,33.20558263804532,1
33.73625575860328,33.36105932308903,1
33.5585987423873,33.09121919265059,1
33.931501305930425,32.97574185821321,1
33.39100544062816,33.699201634174216,1
33.907386978035206,34.00620619515557,1
33.76677729648101,32.881455718953525,1
34.85678505892425,33.957027817436014,1
33.679885058587054,32.79941730252297,1
33.27239836753746,33.55634191497067,1
33.518254474136356,33.105592174697314,1
33.54243573067204,32.74870316099508,1
33.030117196904364,32.64706680579132,1
33.0521208368634,33.88739942908989,1
33.871936516272775,32.69689165979977,1
33.17291506810086,32.70092157429358,1
33.50010924359154,33.53285713178806,1
33.39522260814465,32.63574215189308,1
33.894752112090885,33.16065371184903,1
34.21054482109177,33.20255074539923,1
33.16539443139316,33.52832322697657,1
33.3114647489792,33.11909073453288,1
33.35660931747554,34.17755239933975,1
34.1839961024897,33.222439904199895,1
33.27002336040885,33.67716893569048,1
33.82963273899524,33.731993304746425,1
33.70261664575404,32.916112339356125,1
33.57327113194704,32.948023555609964,1
33.035294276693065,34.09766228816458,1
33.55190236704829,33.50974719065438,1
33.67771307633137,32.8754641054081,1
33.18718221209939,33.32407467858034,1
33.48069360470054,32.736868943502905,1
33.44828283320097,34.114243442859305,1
34.9159943377441,34.23530910537044,1
33.61759372409538,33.30083775470085,1
33.4491484771785,33.405960317041036,1
33.64537612010129,33.50730848842625,1
34.032345340447016,33.158069511070565,1
33.062317308379676,33.87049112687468,1
34.024156770144344,33.62703271093455,1
33.64167933750376,34.09629871652554,1
33.60559372697225,34.291521481173525,1
34.39615059044374,33.63253884110701,1
34.152477139167836,33.28387636488963,1
35.014615688716276,32.920182100848656,1
34.14358445113194,33.18816801464929,1
33.69589421319986,33.18716621927376,1
34.404261382961984,33.7233714123761,1
33.74875880310641,34.165524598026245,1
33.81849233586795,33.69194807935914,1
33.699987069266754,33.3663726837005,1
34.20644271971567,33.92539312319724,1
33.69457698075896,33.80459806830541,1
34.7232701097904,33.57596395282249,1
33.16607155535351,32.64695529159224,1
34.15403974741371,32.530388692337624,1
34.62807290478675,34.19505851568201,1
34.54692209160014,33.665266323214006,1
34.53554991250321,34.47555827516118,1
33.95460301628907,33.27730385861167,1
34.207623008619464,34.45926316944781,1
33.619745973454556,34.93173078316011,1
34.970801000387716,34.08468444701261,1
34.53304577891154,33.89195496958546,1
34.76959547684248,33.8345266641731,1
35.221094428437276,34.225809172717085,1
33.88985661798007,33.50440524260437,1
34.174002560090734,33.590205186621795,1
34.035249391923585,34.35002508687057,1
34.34137975746434,34.063568715679345,1
33.311020852534476,33.641622289459065,1
33.34439423829616,32.77666637113662,1
34.67336553596793,33.14744149498791,1
33.63264544556071,33.67790307034252,1
33.24402924481422,34.28592408505015,1
33.87186473413827,33.238352244208194,1
33.896238545156685,34.32120071329007,1
33.509867460581155,33.70785056792805,1
33.70515243280985,33.19398299406432,1
33.55731914698859,33.33823469305745,1
34.25365702155361,32.66165160306345,1
33.265842461268754,32.885166230181355,1
34.08693327916611,32.38239705575431,1
33.846259500323306,34.278006665369716,1
33.14636138147764,32.779076878924165,1
34.07744632635379,33.29621220879515,1
33.80630535942244,32.8207831928206,1
32.797705456759815,33.42898829254247,1
33.350722730607025,32.673568089893045,1
33.71945167709086,33.893965381197646,1
33.04992901081428,33.407762415382145,1
32.93149045450491,34.200888190134854,1
33.44019242468746,33.4668780086989,1
33.49764913092401,33.8645502211785,1
33.872101166624525,33.89010858452244,1
32.643779431511014,33.37825053656005,1
33.99502622457427,33.357188047958815,1
33.58601464439794,32.651517555962634,1
33.142384412268704,33.886656135434585,1
33.947761666051996,33.439842057971724,1
33.74341641626827,34.316107054304155,1
33.0773297892106,34.60612028829057,1
33.92578282056008,34.591954017906424,1
33.90466034241594,33.9083490467442,1
34.01265623710553,33.94290857172715,1
34.264220150373426,34.491761765527094,1
33.685187785383974,33.958807843354684,1
32.45134936760157,33.15293965360189,1
33.87650983373453,34.27139752119052,1
33.862825190436155,34.26952702163432,1
34.63249428368698,33.575874939056604,1
34.51123983464728,34.120245764513555,1
34.64898048260288,34.182581789778574,1
33.93839698835535,33.692660425135884,1
33.577888768990825,33.86500054915204,1
34.066062846801906,33.98463864110229,1
33.21923461101843,34.49706434134076,1
33.73798080045679,33.26890306552627,1
33.99996944887113,33.79662679373612,1
33.8207205700369,33.16784486603521,1
34.68565808024778,33.83650292035674,1
33.7583903988495,33.35193849601959,1
34.36364489037305,33.91730617498239,1
33.86951785889831,33.5531063832113,1
34.62625743828411,33.12288126981718,1
33.51791251317364,32.93571541198264,1
33.89707981801541,33.05175602414575,1
33.50833935225373,33.42547582097592,1
34.47871744258381,33.65501543364145,1
34.012494561800516,33.80011665783701,1
34.01182747514001,33.89229692769931,1
33.518123592973524,33.7872895495349,1
33.61676288630348,33.441806669907535,1
34.13295930510923,32.5531033800109,1
33.40468222935971,33.355167557868114,1
34.01323059969673,33.35913699254883,1
33.2345972597588,32.832769749177004,1
33.18755537450777,32.71653229898396,1
33.89855111032891,33.41926973118918,1
33.22882554252807,33.490464565755865,1
32.81822190921476,32.92251479639811,1
33.420692811788406,33.27666581181853,1
33.332005312950905,32.51994295432696,1
33.672916611259524,33.51032728302915,1
32.91821944212493,33.376132625651316,1
33.813836813433845,33.260562147762734,1
34.10213033359076,33.52056902656276,1
33.57148139263713,33.30979782264429,1
32.55372862645959,32.19508484382128,1
34.14818742035935,33.39718676976474,1
34.30998975963946,34.17070185619639,1
33.464997840221535,33.92685218660779,1
33.47035381707367,33.08837686174069,1
33.582314620163864,33.77540185629535,1
33.47954259899924,33.1704952579817,1
33.19958559319017,33.64730075867823,1
33.23646849845117,33.23634822862799,1
33.78496427748827,32.939221476253095,1
33.73656174654769,33.43094318580325,1
33.450752421386454,32.24421189420925,1
33.491475985872015,33.223473047284465,1
34.38313297080203,33.59725767037823,1
33.622997650911266,33.48664491596992,1
34.78046445087853,32.904473985792805,1
32.76284592890894,33.36511058399088,1
33.17947911244118,33.340904291839195,1
32.36912816906636,32.98778981271748,1
33.98553146451666,32.76782189274524,1
33.648176892046415,33.37810828668391,1
34.285471207188,33.310832900948654,1
32.35398059729929,32.838022433504094,1
33.00207140717367,32.6864354848704,1
33.51595367524686,32.95406933118647,1
33.25038722244046,33.01147616715557,1
33.25610934123476,33.03635224154283,1
33.64308497267863,33.21446325410257,1
34.63139924284374,33.157007219560754,1
34.11976688691078,33.35538786758563,1
33.5840079020569,32.8119493936966,1
32.97262516451869,32.97854086735265,1
32.91283367343796,32.94830274708933,1
33.372810384398655,33.04958019074268,1
32.46799970035791,33.39364386332714,1
33.09862378241971,33.53915147364985,1
33.78882877775227,33.85560787446926,1
34.67209551884425,33.20642616911552,1
34.08254335028622,33.47701316418558,1
33.12442682409069,34.18619211970007,1
33.89706867690772,34.10522658124482,1
35.07469191660645,34.85566719611353,1
33.21311771743739,34.15269988607716,1
33.03588208170395,34.01003566700104,1
33.12075989268206,33.3320466945427,1
32.7205822496774,34.30372122784322,1
33.38827350044215,33.63460331085764,1
33.44304835676275,34.25628425010372,1
33.987506315051405,33.490665620150196,1
33.196166185013524,33.887117994589644,1
33.57127609002173,32.79761241889122,1
34.20455072820056,33.95919000100632,1
33.74399053685959,32.94364014048892,1
33.33295824885669,33.567536850126125,1
33.54023694636665,33.65790332523386,1
33.908607901335884,33.63230088228474,1
33.92268387080996,34.124047675282746,1
33.43610434715057,33.948454462705584,1
33.90874445316133,32.8838568909103,1
33.594741618275386,33.41789606078599,1
34.17122216119842,33.35304623967882,1
33.908025304821265,33.51642596438767,1
34.15049089188851,34.33891223713322,1
33.29164095302248,32.96274741047979,1
33.70666085069129,33.04219526109774,1
33.4670246526879,33.212170041767244,1
33.53035981140304,33.80213261231964,1
33.98812877570535,33.039455575340895,1
33.6232561833348,33.1933059895686,1
33.81540346409699,33.523315546084355,1
34.58014613781292,34.610062591591685,1
33.54378545515234,33.49902083066679,1
34.28538479146034,33.58488226804821,1
33.31066542592344,34.102868898952416,1
34.67130122678352,34.34792143353531,1
34.20357075875486,34.219310993428444,1
34.017283174837054,34.11132670339252,1
33.96487944691937,33.779443304165,1
34.4827271375271,34.10517815410917,1
33.89214494266097,33.44784776639759,1
33.776757338646355,33.818743178325285,1
34.216045218161575,33.183980009647215,1
34.094142139699315,33.38989810359584,1
33.83079054647528,33.501268570222706,1
33.66336574535371,33.95385164328188,1
34.43412994056082,34.28317387525772,1
33.97284589100046,34.95496075749763,1
33.651512949202356,34.95371003613508,1
34.652225749122884,34.874042066803156,1
34.96289470313484,34.63072934983447,1
33.66181275920463,34.30835154243666,1
33.78562812715349,34.00992074959477,1
33.813996809356176,34.567369238487096,1
33.98718425473432,34.1752535063172,1
33.67691079274245,33.62134934300439,1
34.34270250268678,34.44737065341494,1
34.329607654995456,34.20722009534565,1
32.934645710543165,33.093892229480396,1
33.13987278147488,33.62424753031994,1
34.34180376879276,33.635130069954904,1
33.47586910236826,33.65315264072876,1
33.64994992329465,33.8674559376524,1
33.77239673685175,34.06763404444573,1
34.08191122815783,33.88783687275644,1
33.86268539207485,33.74330413238015,1
34.86179800051332,33.98481435897078,1
33.92234867148033,34.115199574910044,1
33.48229113605745,34.066852919636375,1
34.153610880428744,33.66352566600922,1
33.8584975301844,33.110256366541186,1
33.73027873700933,34.270335571455284,1
34.289403789859755,33.08156687561795,1
33.82068570595711,33.92092484398958,1
32.87525574919643,33.23991967803132,1
32.9242715374766,34.006835287006936,1
32.98778226538572,33.38750474897773,1
33.157110209064705,32.63506184540945,1
33.552527599580536,34.18894112033296,1
33.80175439468927,34.358864715572324,1
33.46935220997237,33.231549229681406,1
33.7067560826536,32.50113514357306,1
33.1449590122354,33.40416678803727,1
33.60298977824786,33.63160794914704,1
33.2820254852308,33.558358627654755,1
33.7864300023715,33.078550006749786,1
33.68744851937231,32.26172525752986,1
33.51369865071295,32.26903628857365,1
34.11022620527692,32.06973046248054,1
33.38521851964939,31.490623224891344,1
34.17024485660153,32.33812401465653,1
32.868211701405656,33.385432975160285,1
33.43848155399044,33.30708601276601,1
32.30269099352183,32.733748195942994,1
32.915186646370735,32.45889410759434,1
33.28508825526523,32.85842960559312,1
32.643585913140946,32.661009013236395,1
32.23499336216084,32.72718925708674,1
32.05530247089229,32.05418020010315,1
33.10703988806507,31.680686877675715,1
33.69343989569032,31.976897253183505,1
33.476303651175066,32.28845816263568,1
33.37751611829754,32.478608027406416,1
34.789926235313835,32.75190766494503,1
33.416595529493456,33.25334646937615,1
33.47580749639309,32.20799933073317,1
34.01950196740105,33.99995214423745,1
32.72986774388484,32.820294494859574,1
33.76692490740759,33.26369863039949,1
33.89643300847521,33.48176536850256,1
34.09650933986429,32.51150667681382,1
34.044770741059985,32.21180038001746,1
32.84526431443872,32.38683349865727,1
34.01919743744632,33.51084515283972,1
33.79536947983128,33.74403803202697,1
33.21190341282245,31.803665188411294,1
34.37619378487738,32.19181191745278,1
34.42315574630724,34.52039150925735,1
33.99248240363235,33.34980771267675,1
33.20570809754065,33.02745917505193,1
34.54790717919494,33.54486136892594,1
33.81260286055547,33.34741957961664,1
33.5586231518845,33.10641291857134,1
34.774670092091206,33.62500496414976,1
35.789594341651764,33.64017771274409,1
34.002563629589,33.73196548534515,1
33.79014260783394,33.948769995552276,1
34.16021250206273,33.71374707326987,1
34.94429438587143,34.31411399772674,1
35.054788063649006,34.13840555505132,1
35.29044752202613,34.038456969185205,1
33.35547971954323,33.93642557516301,1
33.82656078116452,33.63820482539087,1
34.03378324095403,33.44019274715151,1
34.0377206430979,33.368438392947446,1
34.21729407409782,34.25809133534121,1
33.859252405500975,33.94421327978151,1
33.38840504460815,33.87032647153954,1
33.64538223836765,33.58665379120204,1
33.45677890135175,33.9493064053726,1
34.161050381611716,33.786097691733914,1
34.32498729568603,34.02432515929842,1
34.48257139764277,33.823927589199315,1
34.34450210916555,32.986455679954005,1
34.80673543163891,33.61589924162799,1
33.61110760013558,33.3748092278862,1
32.89067375851088,34.02954599922635,1
33.90728981328889,33.96717916946071,1
34.17432888677938,33.42483650148358,1
33.6688589647074,32.912987744739894,1
34.02535274018064,33.54201138793418,1
34.678433601543084,34.019819527879235,1
34.595707858015814,33.41079036841099,1
34.28610203470458,32.8504644238008,1
33.76424553960046,33.87735425037685,1
33.532506852357244,33.437082767547764,1
35.12449493352451,33.537590646118225,1
34.92055056222231,33.63456251717958,1
33.753539124434944,33.58309692536244,1
34.52735280387036,34.17641798231224,1
34.02042605421858,34.42048390607697,1
34.90499703963146,34.420020694479504,1
33.64805951459485,34.28668569396016,1
34.15598985201846,34.84662185778806,1
34.27461783326919,35.02052365013582,1
35.02358319316467,34.876916213126904,1
34.57709113204928,34.48285165186186,1
35.623430003567734,34.05265903323031,1
33.73974469296362,34.232186762884886,1
33.61137596853262,34.10646194207407,1
33.79202506441339,33.64929722777277,1
34.093725711569796,33.50095961087915,1
34.19983735164087,33.431355721715775,1
35.07647106003752,33.87645299512588,1
34.708419355826756,33.17318128834766,1
34.33101407283966,33.62629568881507,1
35.264080105444386,34.493754091878465,1
34.34411947349841,34.484991397676424,1
33.29145679317963,32.34293367977695,1
33.910811019016954,33.74553292757654,1
33.56534815932233,33.60037357445418,1
34.60494300870394,34.021269745818145,1
33.17433893075787,32.30003198454679,1
34.221183142431975,32.89804557250161,1
34.147151365742666,32.30510498092404,1
34.210932070988505,33.522194815487474,1
34.74670199351318,34.16580466057621,1
34.482345446055405,34.63606711408491,1
34.3605228338238,33.53224656919504,1
34.12418688834269,32.978804352043866,1
33.4386252941532,33.64768298663623,1
33.164035995078116,32.53131381292137,1
34.27645632012134,34.16507211628982,1
33.478162885710766,33.7356112335546,1
33.41737797794413,33.42357882099614,1
34.533524988711626,34.39545498560791,1
33.93355633521001,33.43484462215887,1
33.18682917015325,32.77458393289977,1
33.870839088899864,33.885204880750464,1
34.47733190325036,34.10542313239414,1
34.09489178995307,32.765015742596205,1
34.19600069519489,33.41865695776618,1
33.457212050771815,33.69652791978847,1
34.72544405451839,34.1834017414762,1
33.30108804986878,33.57903733764598,1
34.732369016550734,33.50849004067804,1
33.92499379865326,33.57604838316476,1
34.27887221309313,34.1750765454441,1
34.31981764281376,33.42945705474327,1
34.144069547489565,33.518763984777884,1
34.76801716264228,34.21732988895933,1
33.87008738380083,33.39785661729809,1
34.113977445499664,33.771541961681486,1
34.18727748550445,32.74990650653053,1
34.00068969736616,33.8863718085168,1
35.0992409746062,33.240197850827705,1
34.061459217076376,33.123735225559265,1
34.51003895917348,34.13975287687538,1
34.26932531539129,33.79500929697172,1
33.44666879805378,32.66283080713407,1
34.047047455314335,32.722611541957896,1
33.445919894396305,32.70826449393398,1
33.703363656087056,32.78460739257425,1
34.08862601761147,32.39082626129737,1
34.06047909928786,33.72528581572797,1
34.06587330806859,33.321454253773794,1
34.160848246482644,33.97501618419858,1
34.580232549147375,33.53146578826862,1
34.655963287823795,33.0868932742886,1
34.07424511226819,32.72489829205529,1
33.4528489976929,33.97966230775969,1
35.40918219594328,33.74386321557688,1
34.28456816821485,32.57697836570569,1
33.63992776573282,33.333036872640825,1
33.778466487307966,33.829132304219485,1
34.16902560934911,33.62922325994759,1
34.4553898111654,33.332975924918316,1
34.909671251636446,34.08835898616154,1
34.147920159726546,33.84501954643749,1
33.35713839106515,32.98001620048635,1
34.30532376097783,33.68053656712075,1
34.20638878337542,33.037014659700844,1
33.884347693477245,34.45733557104563,1
34.59345422518742,33.385827035304025,1
33.42444392793823,34.60747329203956,1
33.613535900103116,33.94511659074847,1
34.075503457514074,34.20126082415838,1
34.22857038099356,33.90225935870775,1
33.93325868382757,33.79332092839738,1
33.68632400992154,33.230688471833275,1
34.60201027106175,32.96732153731181,1
34.060364929451744,34.02520602711984,1
33.885736797604544,33.803236788535955,1
34.200456082148406,33.966958107104176,1
33.66345197297651,32.79324327180317,1
34.60140014731283,33.07105060082047,1
34.74170195535547,33.58350483920503,1
33.63729357843349,33.45886246103936,1
33.201666473250405,34.55321145760725,1
33.99467430499235,33.24713101968424,1
33.6995599901629,34.46521489594224,1
32.967201388552496,33.61807458521187,1
34.41411389307628,32.93602819987921,1
33.747674264494336,33.158748350554255,1
33.774357306936274,32.902775361636515,1
33.180249455716876,33.42222701812409,1
34.550258848868424,33.15596680488788,1
34.43290662056247,32.971323647383954,1
34.14135655050141,33.87888445088186,1
33.87003523893167,33.13831901452802,1
33.192525762572565,33.25545839721419,1
33.9591674674394,33.30843797471755,1
33.83648179833812,32.995016251125044,1
33.668287623287824,33.75453878970641,1
33.11763212740159,33.350421250160586,1
33.728080483828585,33.67900133230434,1
33.786991981386876,33.63673037368329,1
33.4013153302512,33.74436298772287,1
34.341861019389775,33.858950608650844,1
33.54583091431777,33.2980073078122,1
34.22355663404288,33.96902244426587,1
34.37765498383914,33.06980319116333,1
34.108990077275344,34.60408495643148,1
34.4968185989783,33.721005272299635,1
34.604071734374386,33.53606819701859,1
33.921636151072576,32.55382386301517,1
34.44265832921677,33.316660531770346,1
33.851544400161124,33.09806382130097,1
34.473848991580084,33.226564505371115,1
34.43618417569866,33.657184635867175,1
33.67993860101303,34.110840798227166,1
34.32757474241808,33.98539218787873,1
34.59148370198489,33.67788003209422,1
33.649036515096334,33.446567070119215,1
33.477375170914364,33.420842441016745,1
34.181181682171605,33.04173526486898,1
34.48151311084469,33.92602600209922,1
33.73517401885415,33.51878824331384,1
34.23061566357094,33.796015165894055,1
34.479913089768,33.920823593577545,1
34.30095807325632,33.91926428025095,1
33.57460736904488,33.14497963109827,1
34.11459859475615,33.64661717100091,1
33.135073672357336,33.33355724395406,1
33.830829431963366,34.043709264461604,1
32.20193933334635,32.60226615843605,1
33.70666392550676,33.93319598448127,1
33.21578175178689,34.57981576236942,1
34.19965833071872,33.353484952085616,1
33.9741379854035,33.01596874064143,1
33.24693298453031,33.617767965750836,1
33.60192284486398,33.00964105228906,1
33.03387786107348,32.5145923390968,1
32.79414287905063,33.65546330704757,1
33.597705717012815,32.878307744364974,1
32.93255626052506,33.04249091738243,1
34.071421564114246,33.755308594154656,1
33.03373683372966,33.205617071683605,1
34.27730526252568,32.63557012164863,1
34.30829005153278,32.87645120593251,1
33.54720386747104,32.76508057144452,1
33.60688325235693,33.67400771463471,1
33.71726795212141,32.83646183108795,1
33.92853120944341,34.33340257641443,1
33.879827683637636,32.812151195338444,1
34.120046942295275,33.77222655232326,1
33.81654065134585,32.98602371064785,1
33.15710913566204,33.64941504552341,1
34.0497887321293,33.836520927876435,1
34.3262243509977,33.65403983990492,1
33.756887234650875,32.452807951650485,1
33.13375584701374,32.56315483407162,1
32.86336177466145,32.89438881659112,1
33.747702133223505,33.2665278697622,1
33.93202573786621,33.53769446350285,1
33.56596213191123,32.30374260945009,1
33.46495266987093,32.5044252665569,1
33.029041832255565,32.63787753304866,1
33.92059129740238,33.19165223968902,1
34.156224681831354,34.5633257783992,1
34.50884845868655,34.398438579565905,1
33.4777026868702,34.264078655314414,1
34.155622932850015,33.984739353954225,1
34.02488809810175,33.4109459189237,1
34.83436102936615,34.03805104214505,1
34.262844816602424,33.41396607011612,1
33.72713927895784,33.29327860724123,1
35.253851836881914,33.16385656295836,1
33.92729524441751,33.52824331311831,1
33.75175445728821,33.53654367853046,1
34.25652099562876,33.41980067708833,1
33.765076764466976,33.43113008304836,1
33.411498834990596,34.19968478401015,1
34.16091738492783,32.9222463206879,1
34.06110634290766,34.30955347649272,1
34.98574606724347,35.18910537194686,1
34.38571384853775,33.75356344153968,1
35.16785325770508,33.5269690708246,1
35.076328900760274,33.3529635396327,1
34.515896514232224,34.122279174560454,1
33.56156136204423,33.77577779886804,1
34.70330338496516,33.708486081736986,1
34.76961640275129,33.228295054097025,1
33.97633923331546,34.29396916068402,1
34.08952257047388,33.581407897567324,1
34.377435957427515,33.46884106425484,1
34.73250817178074,33.73048971878413,1
33.583913538481944,33.91901120537508,1
35.21319750566375,34.64527461345674,1
33.51499706529128,33.47217110164688,1
33.98660237240761,34.068767540707306,1
34.48252852729798,33.40696094243713,1
34.277438437132886,34.143612797272276,1
34.1139985731647,34.51095664615027,1
34.369849890264334,33.65590787958367,1
34.19051523515388,34.08016286955156,1
33.459197038036685,34.43038350242078,1
34.449051394411335,33.82236369319528,1
33.44056074380226,34.63128660060502,1
34.323221447424416,33.61641828451126,1
34.140774207377675,34.08518439512896,1
34.23286206914184,33.9152371805625,1
33.75419204973436,33.1583554055026,1
33.091773061123234,34.627688953483556,1
33.10437310598389,33.63384276184886,1
33.29084582299481,33.368197989184374,1
33.35793205336232,32.53288609666973,1
33.623974088976965,32.922799794787515,1
34.35103612951217,33.8200084849054,1
34.24204781873317,33.60847433608373,1
34.429405558817464,32.92198376817051,1
33.44173415896714,32.41298184681776,1
33.25605590981267,32.10142788399107,1
33.90480491253712,33.37240981530294,1
33.56842649851703,32.59376371082984,1
34.27365002342138,33.74820948391741,1
33.53000023273247,33.36633939216961,1
33.5908529037016,33.08709828525804,1
34.03134119013015,33.26272331665199,1
33.93864344901761,33.71049291172096,1
33.287604866945024,33.37011996223205,1
33.96824259781928,32.78796776804928,1
33.94479579897871,33.6500480562392,1
34.074506721436,34.176121563624015,1
34.13056121304374,33.618091821727965,1
33.66602998030813,32.83354878572146,1
33.89808351867139,33.336764020577526,1
34.15701449797,33.25048472244717,1
33.66945495005244,32.69695610602215,1
33.5872626370262,33.459570647196735,1
33.703813495245086,33.557430675411815,1
32.87957970787937,32.82597510345246,1
33.18769331053499,32.97039628963187,1
33.39227276257122,33.439505856798796,1
33.828320102255155,33.80050179249613,1
33.972368001942655,33.05413273733178,1
32.97621459672641,33.86759067977343,1
33.73107276737064,33.80056491036444,1
33.09638374859676,33.788658075530826,1
33.792291580575714,33.257821845176,1
32.53312995729543,32.525950809975555,1
33.6894495602972,33.190492790149804,1
33.343299120483444,33.20339447010484,1
33.63690287655006,33.28321201094572,1
32.699559398482705,32.873453427630864,1
33.22160417810773,32.36608029965942,1
32.57377514027908,32.88760933559108,1
33.32345821703025,32.26427661828654,1
33.032671089596334,32.911622263905095,1
32.70343382726924,33.102001637164136,1
33.925472831821985,32.35973146128802,1
32.29474366590716,33.55052602448367,1
33.400050212296385,32.00910483184619,1
33.032386042096455,32.17639797420289,1
32.899166393882275,32.761135564089415,1
34.22232860554998,33.4407409165251,1
33.86674738522326,33.29434871723604,1
33.74685490909866,32.52933997511336,1
34.00604306968665,33.644625079566886,1
33.3804925006532,33.272214539810264,1
33.471480433645205,32.81722174550173,1
33.116097528711265,32.73817330307315,1
33.13428668969795,32.67763269081852,1
33.30376839044146,33.31552185136156,1
34.00350365783934,33.23544863740525,1
33.3712164853243,33.24563430986045,1
33.87312214543467,34.59343436628608,1
33.77982211921267,33.07241348038499,1
33.58526446635022,33.486641682699535,1
33.63876445092042,33.75445734583991,1
33.96060921827025,33.5706859529833,1
33.94883410513295,33.01664043670437,1
33.621227410733354,33.19932410526175,1
33.66888901268663,32.74221325945498,1
33.0948244933449,32.91595225422534,1
33.45122190139899,33.21032453267731,1
33.3440278361846,33.00215272151475,1
34.157954077807,33.81603642733597,1
34.22712803457225,32.98639513157171,1
34.43002949684779,33.801093551316974,1
33.60091091371458,33.044560927712745,1
33.83194833015889,33.03827483445825,1
33.736729395058575,32.68779427270797,1
34.315710956155655,33.46571180939864,1
34.58853790864081,33.17989208062698,1
34.05955374824692,34.54620974475087,1
33.6880837074194,32.440711687848086,1
33.430761358324965,33.04986480762105,1
34.853761164125665,33.816943003879125,1
34.54484433442786,33.55488656648952,1
35.544971301079926,34.3349220954134,1
35.172342038746606,34.35862520277689,1
34.49598436244983,35.56323810646618,1
34.629724965320115,32.92368679268016,1
34.68441451520881,32.978537198528734,1
33.69751243297387,33.076267585332246,1
34.642154756992625,32.78995360585924,1
35.43198070806686,33.45888336465119,1
34.47668776791531,33.289080457406875,1
34.04746064654477,32.88647957700183,1
35.127493833261184,33.96277979221192,1
34.18507792034479,33.28621714137424,1
34.351185620017304,33.38932669397184,1
34.41636944254958,33.72525266091849,1
34.07512415173376,33.8410820762702,1
34.47907241832908,34.10936467268315,1
33.175073059623564,33.01942470975509,1
34.27135386244245,33.1939642137844,1
34.155573493360045,33.23386340369709,1
33.63645686133468,33.281747192877326,1
33.99789762478998,33.13458974860459,1
34.07445442545161,33.39749455018477,1
34.216908780117706,33.247415381801595,1
35.81395354172523,33.16348781959822,1
35.38481608835134,33.139099794544315,1
34.272516735449024,33.834476028872515,1
35.00197161362436,32.88055027499958,1
34.709933165977226,33.95794526481636,1
35.05292991557461,33.86465044443478,1
35.40204572757694,33.85125594329198,1
34.958795677707386,34.31932263682094,1
34.90897166980218,33.93471353648326,1
35.256697669517195,33.688593052329466,1
35.5059003989862,34.64232515522115,1
35.34774192345225,34.99790576118719,1
34.57415049468144,33.53755715178137,1
34.15997546794391,32.45808037256191,1
34.48760550617021,34.40682626792385,1
27.921761592878298,27.01921313310252,2
27.941853115393567,26.920687138073145,2
28.190379805390844,27.25905497091225,2
28.228620981226324,29.105207052808744,2
28.1440387218554,28.638023551187434,2
28.863577644237978,27.57914336967106,2
28.55393200181513,27.909194140749005,2
29.103815584117548,28.091685588030373,2
28.692788800477352,28.371612190905463,2
27.860991995757082,28.073672681094553,2
28.84308769208843,29.145457931344207,2
28.602249831404944,27.990153274322562,2
28.44511225093161,27.828479048419506,2
27.963368486883066,27.912014433618314,2
29.1884812780511,27.938961409426796,2
28.4424067176723,27.95035842283478,2
28.157337073938606,27.68908273679323,2
28.0892711900423,28.12638009333307,2
28.665235115799703,28.561555539145456,2
28.01896609744315,28.425357986890408,2
27.66900481819026,27.315871377659523,2
28.089932547535934,28.829339484472076,2
28.359554709339328,28.026212262551986,2
27.63862976463072,27.778064966026662,2
28.217214056064364,28.085733407364213,2
28.757346885634007,27.54119282602607,2
28.144563776972127,28.539854567799665,2
27.332963024475035,27.75537617030512,2
27.53113709397985,27.987742704879217,2
27.694621731981314,28.605597076111263,2
28.02675138926229,28.398311574468693,2
28.374619015192334,27.424147059763282,2
28.528758931582338,28.14793004129151,2
28.06511598211168,27.42716974194542,2
28.68962931427641,27.847179284164493,2
27.998309292215684,27.746175939021278,2
27.98633900858909,27.725019563085684,2
27.827629093886145,28.38811164724281,2
27.96687276398219,27.320457380573284,2
28.740468729904794,26.83733584355393,2
28.01044121369425,27.090602264029215,2
28.083922187386307,27.58439610923774,2
27.859362097201235,27.482618750538613,2
28.348783438099527,28.660252806978573,2
28.185431569857627,27.71774473134495,2
28.155573646047994,28.19500636457604,2
28.282773325731984,27.580009784184355,2
28.008428449584866,28.497666139681442,2
28.842036523348533,28.203778586367612,2
29.005973388207853,27.868779806891165,2
28.26300860407711,28.13534124338711,2
28.228528022639658,27.950183025339552,2
29.042376590305015,27.891585745015977,2
28.24055818444025,28.558543253008942,2
27.68853593312034,28.464430858516874,2
28.0505712080824,28.143559361196417,2
28.120318051549972,28.028558711641395,2
28.02179651624697,27.706434795242068,2
27.905944509602445,28.05434555517839,2
28.30661716734442,27.794537965848246,2
28.767384958895235,26.769059843695608,2
27.967494000951476,28.213551770797395,2
27.51287981260297,27.353582661204495,2
27.73721270033105,26.338799212893118,2
27.456255951230787,27.491044050884454,2
27.23158558914817,26.138327320142167,2
27.287173894703614,26.290687026217544,2
27.324051192011844,28.035891461618533,2
27.872591715902107,26.74464514900891,2
27.484418667319446,26.660690311075772,2
27.542301427686272,26.859867852449053,2
27.848072818107255,27.032070639138688,2
28.228144444510338,26.83670862345424,2
28.408146935695232,26.9486434050051,2
29.022150537630054,26.99780447377892,2
28.47195733391636,27.942628226510585,2
29.44912288364837,27.129557172115053,2
29.142515150256813,27.158533654950006,2
28.402087690458373,27.199952514972342,2
28.57405604057475,26.773999373058956,2
27.998386556966985,27.47284795755297,2
29.14944445862872,28.3538518762774,2
28.840642223716213,27.903495957521127,2
28.631675322390144,27.309493702424323,2
28.461308796508465,27.78854704661814,2
28.885835591268133,27.431235031911235,2
28.020117771379805,26.63748888312312,2
28.257398638959184,26.627004486011188,2
29.055930489438026,25.789337950264084,2
29.487806109779626,27.183661053612067,2
28.572278917606816,27.449746037701463,2
29.08883401259498,26.828156129085063,2
28.223709450860945,27.800370776091366,2
28.31658934001191,27.74640997340032,2
28.930264972710873,27.074995289753595,2
28.773180782495338,27.59081334266729,2
28.82868849189729,27.469251838996524,2
28.295974942714665,26.89125376612051,2
28.69544283427562,28.24691010591618,2
28.729673554182835,27.72826452435832,2
28.438335062980475,27.617138427958032,2
27.436270886239207,26.728155681630344,2
29.412213423450225,27.015914821531855,2
29.124123635871825,27.711158528024225,2
28.609769158638215,27.502754530010968,2
28.575622084467284,26.636663743156934,2
28.940108046167364,27.22675527715153,2
28.3571739663283,27.407224750292734,2
28.67908181915602,27.953522259290622,2
28.154777401202267,26.77322073395903,2
28.37547017458214,27.383544257239855,2
29.018539599683553,27.829111911165235,2
28.799566212168557,27.51708376921713,2
29.00612518701013,26.36897545942627,2
28.493075461673005,27.323026073504376,2
29.02262172369849,26.426960435519607,2
28.61129429132075,27.56905870176158,2
28.88199772892986,27.463549452900402,2
28.98132364865294,27.856437167271004,2
28.40739971446862,26.26193456766987,2
29.31284153691731,26.67066835951463,2
29.547278889924257,28.2164266529666,2
28.564299552337268,27.232028713210212,2
28.667653710011344,27.591027141581836,2
28.670728999195237,27.551961928338233,2
27.388969551607612,26.784073924495043,2
27.890962484119246,27.078542464811974,2
27.59952377065828,26.493350176883805,2
27.162504567013684,27.132951603157423,2
27.50181892886373,27.035461459542088,2
27.715481125401908,26.243922409368192,2
28.42960176405685,26.905913115750273,2
28.560091835902966,27.29280359595563,2
28.24077421989314,26.56061253664006,2
27.984083380366055,26.32215573500652,2
27.14171350963838,27.244025656586924,2
27.971219875670947,26.579647041475923,2
28.16786940497134,26.382420063488908,2
27.702521361890742,25.85324029364327,2
27.879415929590333,26.725593730016413,2
27.936702690636235,26.03076419489453,2
27.759815430910024,26.20834917243686,2
28.290454959469034,26.99495781022716,2
27.664692311926043,26.865535989771985,2
27.907839374441785,25.836341055103357,2
28.521322909242937,26.599840595044704,2
27.91059857925028,26.614941269832944,2
27.679197635639,26.40173482903761,2
27.63335739178664,26.966237959165696,2
27.53244592707115,27.483217769880365,2
28.327890271153148,27.228116685394873,2
28.61005225392718,26.975011077710132,2
28.09157322316551,27.356565833103133,2
27.884028115826123,26.831851710043754,2
28.907341873380567,26.66039237468904,2
28.658769341125957,26.55479919484161,2
28.83120964273532,26.277960459216157,2
28.400421989405043,27.209584326210372,2
28.587964615480715,27.06483241435718,2
28.14925592312929,28.013843170276633,2
28.216488424444652,27.532831972417636,2
28.798800432865217,27.72618740376422,2
28.627017280148923,26.636744620886795,2
28.762788583590545,27.28443017595812,2
28.183897620201197,27.502356833156707,2
28.427349487124157,27.279426050481664,2
27.65397122155142,27.51762640498035,2
27.655597022213776,27.343422494076485,2
28.389896421582783,27.10847899039545,2
28.654729004810267,26.935011075410998,2
28.11056836033176,26.531471420454334,2
28.472527050822414,27.571573847351267,2
27.96447312977939,26.7107283117137,2
28.78687024266809,27.20427959172907,2
28.21495929140978,27.797035942552736,2
28.292321837182815,27.504639647817914,2
29.015164124752967,27.326064580797823,2
27.848250535074442,27.272282317046667,2
28.687737840262702,26.791896646841682,2
28.628612340950546,27.420944943026765,2
28.66455282736707,28.412207865918,2
28.00680810381609,28.153545460978545,2
27.998201710709363,28.35790807107389,2
28.468777118094682,27.917150664605355,2
28.849775137624473,26.35930255378584,2
28.349311789281597,28.341285401124765,2
28.004422784281136,28.494544283868798,2
29.181910341039398,28.13582919739077,2
28.37746983425172,28.073177584462737,2
28.516445067736523,27.387573377916848,2
29.08927625289965,28.306591729998434,2
28.633373628157162,28.61555554841085,2
29.27033922268593,27.52884890257651,2
29.329587906973824,27.988575437194346,2
28.696552125932737,28.72949885881072,2
29.0097926459413,27.58249850902913,2
29.42775929791785,28.258812639284084,2
28.76063310986554,27.592113487670964,2
28.88874808377513,28.716715995319742,2
28.363694393080344,29.426741981811507,2
29.182656200311854,28.729288811016513,2
29.074459945674217,27.867885553357254,2
29.27499153113346,28.60328462668359,2
28.754938770281257,27.71112419138621,2
28.592925547558497,28.164140489872885,2
28.01322075058311,28.023772710107917,2
28.877875619109812,27.719460857332514,2
28.49432884769274,27.453066827074032,2
28.827159082287082,28.134236038465318,2
28.26578315291862,28.444736246456586,2
29.553990143647002,29.32338632579957,2
28.784386605495456,28.76258625846128,2
28.72725487763864,28.866581057834697,2
28.969420203932813,28.397451112737127,2
28.435421213424714,28.280993987558826,2
29.436414836413128,28.770051316277698,2
29.03887698669207,28.775860280984826,2
29.174036863767753,28.476745631321318,2
29.94577568253621,28.37013724851736,2
28.9415932443757,28.49812739696634,2
29.05215299655137,28.931611053172787,2
29.602153185036347,27.72595454903546,2
29.65762651392977,28.70588046007982,2
29.33089020588424,27.99430086982245,2
29.125970450568136,28.19130625990513,2
29.8733708349797,28.449187839186198,2
29.045348422442125,28.488510896614773,2
29.504800725849865,29.213442797772135,2
29.09838891290831,29.47067965367482,2
28.864629131621577,28.714994868727207,2
29.46804074019637,28.459721994023642,2
28.943851704998806,27.69981138728371,2
29.463214350923764,28.136955935546556,2
29.02032614017349,29.332871622523047,2
28.753641051818335,28.16615700450073,2
29.208367880164275,27.82612896084038,2
29.54719737745479,28.97013765960844,2
28.89128307885576,27.277192305470983,2
28.84580556013036,27.256581112971908,2
28.912155836432213,29.088669681531314,2
28.903891779486635,27.92983075157299,2
29.372924207895696,27.997732905935642,2
28.84364973728117,27.840169843610248,2
29.961787443434357,28.256547665040163,2
28.975698489529286,27.71634756823303,2
28.97889696653327,27.43076102209091,2
29.728384300603054,28.444731079937565,2
28.839627215650598,28.011133437471646,2
29.207776882755702,27.918461273152396,2
28.558419142232275,27.73314537912906,2
29.165360086310816,27.729082092275927,2
28.070766178204412,27.218762461717652,2
27.393988943511722,27.421977592133803,2
27.23035238911375,26.7549798923521,2
27.385621561142614,27.161222734687637,2
27.450383112334787,27.155084717325725,2
29.383454599272028,27.92089808784873,2
28.819877806391485,26.857554445845366,2
28.534467265267878,27.3044200175185,2
28.358103188785634,27.68530665021365,2
28.400971174537023,27.72990431933671,2
28.119282688755632,28.81054211194357,2
28.614008248919266,27.056607591112336,2
28.300872422236676,27.358944498480064,2
27.93081980064784,26.946279769800455,2
27.934261108438424,27.686449513407023,2
28.236816587495365,27.824045477215808,2
28.907275626454584,28.337088024197943,2
28.811162444393457,27.579761115389964,2
28.90073001555263,27.536473991284545,2
27.837828623891326,27.280111969755556,2
29.32026991507708,27.42925267648118,2
28.899726480424256,27.79258849979497,2
28.83235169715571,27.00438340704872,2
29.197755310733687,27.896599211867258,2
28.652419947139066,27.699337033926216,2
28.67374059855778,27.29279946281999,2
28.297262911660475,28.176513224332982,2
28.681052780841704,27.484843899933132,2
29.345497242420386,27.339015720417123,2
29.09686395183484,28.31679984402538,2
29.098011129725787,27.030835647808278,2
29.662738133343055,28.275782903902048,2
28.428956043462588,27.517657832932713,2
28.820919097347343,28.301193283747775,2
29.107242134337007,27.953359570755804,2
29.178370080506237,28.23799394076061,2
29.218901483314184,28.408139917074777,2
29.347351203240187,28.268980949813834,2
29.176921625590133,27.382535603823992,2
28.47518704213649,28.635247910334396,2
28.72501144609199,26.80682346649065,2
28.674938161301956,28.462603398643072,2
28.42894580926928,27.26602665828127,2
28.602840049990995,29.31353244370549,2
29.38196688616637,27.11382265166051,2
28.849328088215355,27.43547317712262,2
28.80854654591742,28.29360452441343,2
28.377237149631718,27.361819107029415,2
28.012205756436394,28.611329236710873,2
28.559895208154988,27.60267054470882,2
29.104702501354204,28.272656606410745,2
29.01467104410597,28.493227942023623,2
28.94840344141848,27.38838270789812,2
28.974629536237973,28.615759362649264,2
28.981008025909855,28.001548714987514,2
29.062639966335144,28.37888464612624,2
28.320439779642,27.25724547126945,2
28.74323800232645,28.964299487746047,2
28.855455275026262,28.508746098172566,2
28.79071024395537,28.513564544519422,2
28.91902735812079,29.654454653068782,2
28.532991599620853,29.075192003821662,2
28.71694494317004,28.00586806380869,2
28.607780869481168,27.28981797932905,2
28.122098980593325,26.59317543134512,2
27.698759219852754,26.594208414898365,2
27.74935154816631,26.862490138058874,2
28.27703375171007,27.189578296358388,2
27.372420960653812,26.533884743245594,2
28.026252302042828,27.01543569437761,2
28.813696406795984,27.18835808472102,2
28.650861090975393,27.198784899074692,2
27.803920429626412,27.08939853363942,2
27.56036772341051,27.881970655839318,2
27.74288155606091,27.444645106645666,2
28.019686769524764,27.170758295410597,2
27.955849908125266,27.394406886475622,2
28.715503314021287,26.95133624134699,2
28.643476722903486,27.275172584460865,2
28.441275149834237,27.391991649964037,2
28.842359438067522,27.925074306869977,2
28.719567998948385,27.15759201654223,2
28.762584829059158,28.23991453764977,2
29.580597908169317,27.87534221172897,2
28.904442254657432,28.19264657846685,2
29.498679647800362,28.69467705157301,2
29.105925012405958,28.150609969902995,2
29.02364941460517,27.751034553330182,2
28.548288537750445,26.835870834127846,2
28.390936521533174,28.353911652374297,2
27.755631554516153,27.114413808489136,2
28.275820395992763,27.65994293269955,2
28.447342883015867,27.454840259221648,2
28.45628987246013,27.650460103719812,2
29.007234259637936,27.21935359546133,2
29.126204603602936,28.201228531907734,2
29.284686410161964,27.53329256913398,2
29.068848408967995,27.204205732799515,2
28.486665798808716,26.531254480423595,2
29.496052287992377,26.946727352296744,2
28.729879054036232,28.61908494730898,2
29.287643853957103,28.21762239281175,2
28.61590363580302,28.416123588813413,2
28.325610504748248,27.757077337668257,2
28.232014715537982,27.503394635757626,2
28.406415031333655,27.752913155523466,2
28.618905061862844,28.395894349278763,2
28.688745130996253,27.821082837684678,2
29.14737263052783,27.365492415180924,2
28.25609551209595,27.258090573660706,2
28.946580379905,27.695627095264413,2
28.542426736200902,27.458118269508123,2
28.720585728705217,28.841351656659945,2
28.483997671133082,28.297055004249543,2
27.940681302475102,28.18808065619933,2
29.058325832883526,27.795199189492497,2
28.562391060243616,28.53067819993997,2
29.09185564994487,28.18511151087727,2
28.407938475333385,27.974296208126802,2
28.66404638626904,27.815751370077727,2
28.820717309787128,28.711011383916873,2
29.08825411873138,27.5947288082178,2
28.799067722099533,27.661786278787037,2
28.148287599645478,27.921276041456057,2
28.172834028761386,28.394398690616192,2
28.17528493582629,27.963082227946792,2
27.575565411472805,26.927281171910924,2
28.519492836338348,26.490996637958805,2
28.5820076240477,27.861120653198803,2
29.076853394927237,27.056872626390874,2
28.68912510068716,27.32834629946353,2
29.004712413665125,28.538575164735686,2
28.486396417701027,28.040990621540974,2
28.2729928672598,28.054920274002985,2
28.11504417881397,28.321395399325812,2
28.272645371557605,27.21816382479522,2
27.757520836449334,28.121983765873072,2
28.30570751851996,27.833008358606822,2
28.30492258305985,27.312262479836868,2
28.376964699926376,28.544489750925724,2
27.8580593331435,28.0598723484578,2
27.50168226650157,28.2947404122439,2
28.246521647329395,28.691040045552043,2
28.32664514140648,28.346947941658414,2
28.62526728413221,28.74270161780351,2
28.59937395451239,28.41683417448577,2
28.74228645104957,27.57985643520426,2
28.442237703362505,26.519467747764036,2
28.285348224098104,26.87271186724339,2
27.801048735350125,26.566085251141907,2
27.74466693684372,26.673779208507572,2
28.874511063571614,26.961479474516366,2
28.68605171715797,26.690539635180087,2
28.495931514739972,26.045498187091795,2
28.883348324608725,26.731737442135945,2
28.340723861674384,26.264690930235204,2
28.55951119457541,26.280551089730707,2
27.74495595420713,26.062932872189418,2
28.4104785414147,25.86788019444864,2
28.269464497800715,26.134975451961886,2
28.55183422057036,27.258090862826673,2
29.014897251319606,26.38701892666832,2
28.951209259962166,26.213518631152787,2
27.85714523775567,26.162272001207153,2
27.768593296845065,26.848203422972123,2
28.606113606903307,27.538181168968325,2
28.95823838708925,27.747730026683577,2
28.407848444383358,26.683774771858733,2
28.5994531874831,28.5134717789562,2
28.346599965992247,28.222568028028544,2
27.736743004459864,28.179290310538548,2
28.70914036727445,26.67046054756365,2
28.597197868146218,26.946663248530133,2
28.825260031275892,26.719426257669216,2
28.683275600239885,26.92137032566302,2
28.512955976011163,27.32540252517606,2
28.440817645291805,28.155254315500134,2
28.442527286782955,26.94334465146246,2
28.299988694165894,26.602642720775293,2
28.49924477164083,26.869780720699474,2
28.625399607791742,26.46877226717164,2
28.382073781798752,27.115460123149244,2
28.61099413698755,27.460037362012798,2
28.54115613756166,27.163691218840505,2
28.25226280478823,26.870567354624402,2
27.910173009869293,25.929792419389596,2
27.88664284303116,27.181678186705774,2
27.56639225507929,26.92597920987125,2
28.88106915727176,26.66239655832839,2
27.984140091289138,27.470735165370446,2
28.81087448122654,27.459726739734514,2
27.288010633044294,27.95792604599017,2
28.110167066475146,26.4011420953717,2
27.376101235253785,26.713606111231407,2
27.542171857968334,26.867527311098616,2
27.51585501154274,26.7584318542424,2
27.391428671803517,25.990282505315562,2
27.701535075833558,26.08310450872604,2
27.455917768890245,28.102521546720947,2
27.477500627552494,28.147153787166236,2
27.7522347663066,27.741179490019828,2
27.454078839242243,26.92352533407385,2
27.755800552312902,26.57872686407413,2
28.47729948292509,27.055071094710797,2
27.979738258916257,27.13259363299862,2
28.51236570556303,27.4116418703219,2
28.142396385339236,27.001447361574794,2
27.757175975253855,27.67596642543133,2
27.41856058818449,27.06834291610173,2
26.920799935238858,28.128380496005924,2
28.335991206016512,27.351745788465383,2
28.703079837814155,27.79049400847912,2
28.40030307449101,28.11616155011333,2
27.809508406190346,29.03234118596136,2
27.649885119687745,28.045123109216178,2
28.0008101364331,27.75912345510067,2
28.36770893521112,28.782575453441424,2
28.72531737289371,28.85037433362956,2
28.572292270131147,28.64003385273037,2
29.652450090400006,29.346048994585097,2
28.91805493727508,29.091393066099492,2
28.01198330481125,28.8450451502512,2
29.378140849039504,28.34135002753093,2
28.795476474921244,27.39756460298396,2
28.935572282178036,28.873719351738952,2
29.393160916687545,27.960943408158872,2
28.887835569893177,28.076776243149904,2
29.17807948566169,27.733436540594436,2
29.426722156911445,28.740106699905795,2
28.89311956077603,27.936312746744928,2
29.296799936329773,28.27891911945108,2
28.425385120823933,29.26263398719789,2
29.046869324543223,28.43551908036048,2
29.245996978533082,28.33752920394534,2
28.66189018980781,28.286598906329786,2
28.897068460265324,28.12865960533487,2
28.671745136216277,26.401557140792434,2
29.23815974213004,28.722323614922733,2
29.0536265729343,27.495379227312775,2
28.700372175299286,27.254359010911294,2
29.046017372869628,28.13634763534232,2
28.120704358176607,29.279674930701386,2
29.02774855105586,29.206485720151033,2
29.166361635430654,28.53723703770678,2
28.69533227220726,27.695761892497398,2
28.900588236817505,28.076280339877382,2
29.191234432340142,28.79050076999202,2
28.328767213320276,28.45558770035975,2
28.09262647349397,28.115697101831795,2
28.37356113387328,27.620624600318006,2
28.90809207395513,28.02749536180548,2
29.86387474223249,27.799712769503547,2
28.1484231543493,27.03001348297535,2
26.86055025253632,27.494797851997717,2
28.065223247329076,27.39660676663309,2
28.031848578953174,27.30347212424688,2
28.276799862060837,27.419777664548477,2
28.392926624850816,27.191582934244238,2
29.26848086405159,27.8703047834395,2
28.21624909847671,27.06432637754132,2
27.85641927535298,26.998525504459263,2
28.43504184572524,26.67927967080305,2
28.055575101390293,27.68866679255728,2
28.015459975631973,26.806560791875825,2
27.555805795043764,26.549558647044094,2
28.307708449287663,27.388561588100337,2
27.785189415356214,27.006289136650757,2
27.305168947050788,26.12675558677093,2
27.69377360615762,26.3307527757313,2
27.815327489239174,26.813252724029798,2
27.477417728210764,26.41066403651321,2
28.07864712326366,26.041545148239674,2
28.340251078684716,27.138941881764932,2
28.481972739962295,27.595064776900497,2
28.653042497705744,26.813092572102672,2
29.12910207229419,27.105555066961532,2
28.82182194660621,26.74168591338731,2
28.840691653526658,26.219906575200866,2
28.937964615105734,26.595134441535862,2
28.889508381252718,26.253932988305447,2
28.33332193254938,26.721754324430847,2
28.611646568034896,27.783461518963247,2
28.531557937124045,26.792186596933355,2
28.37027856554986,26.683927471973128,2
28.3245078981209,26.641485236397013,2
28.408476504951945,27.553327966185595,2
28.76159901035081,27.11928253010952,2
28.806175608076543,26.303045970044806,2
28.39792260649704,26.329153137944758,2
28.58822137994287,27.85648636505574,2
28.44833279245788,27.233828123347863,2
29.002387461893974,27.589618927006423,2
28.310036869080747,26.943990907267562,2
28.1558162534244,27.765308921717377,2
28.22656446061002,28.165192000988153,2
28.253800476593668,27.132830023108802,2
28.634771728867054,28.312404129451764,2
28.85976105749369,28.09015652047854,2
29.65309089554411,27.100929031902975,2
28.859845289906346,27.41583653097777,2
28.862526319597205,27.852174972806225,2
28.85552144964527,28.41698920791283,2
28.562185195424874,28.071436811114484,2
28.603931972921618,28.544968990660003,2
28.30292472761626,28.462729112143172,2
29.20284287507393,27.83496414635977,2
28.719913009496025,27.899354854729012,2
28.371230528335722,27.80896033808221,2
28.68356714273559,28.08158856289405,2
29.051075739172283,28.90275754495671,2
28.895948819202697,26.572013965405635,2
28.977959106832696,27.150250147239408,2
28.58701825123431,27.250465772085803,2
29.146062644280498,27.024709214184966,2
28.568905837133237,26.65212577365847,2
27.952218513159078,26.669831048445182,2
27.318644315230355,27.006610117193887,2
27.87239216162691,27.13996288628635,2
28.117033461054856,27.475360091292462,2
27.590373501320006,27.267640289569073,2
27.522206953376948,27.202867657278386,2
27.84697675355686,27.073960636894586,2
27.413649650199595,27.095621910463837,2
27.245041294715847,27.066047512445454,2
26.488205728750575,27.06384148829761,2
27.706924828838925,26.832598303882563,2
27.589537048536428,28.078680838314853,2
28.512083552039428,27.342808449942897,2
27.67479152155667,27.45543421143499,2
28.381349569096038,27.137189575055118,2
27.515885078803485,26.248332985639383,2
28.025400990350274,27.162177686376893,2
27.687935580536745,27.31436911985747,2
27.539181471653887,27.17678971263914,2
27.442619092829958,26.955248551058723,2
27.028088354292382,27.947992514735546,2
27.21793832223446,27.623926500258737,2
27.69365865703644,27.517158782094366,2
28.613130198290957,27.476765628775006,2
27.65871915996225,26.547052592214712,2
27.656330454537667,26.642646123008166,2
28.01218740114963,26.425680928192296,2
28.918909632303922,26.88687290832072,2
28.64013406039593,27.178259959199302,2
27.848630393845536,27.575355187943572,2
28.192798529226337,27.220677144459696,2
28.239714911200362,27.524145762129145,2
27.834831793925716,27.22405328861471,2
28.370991962856582,27.396623360956372,2
28.237442114397847,27.15488305782979,2
27.856714209990784,27.179456299252415,2
28.09437322401845,27.246040992194395,2
27.94331065195367,27.54625113574642,2
27.726691998744894,27.023916866523102,2
27.930938961370064,28.398038078413514,2
28.016744736099735,27.32735047347331,2
28.493567422545475,26.54408633042687,2
28.091711725843002,27.24705579995825,2
28.480968178261616,27.406893810709796,2
28.822283291107286,28.418039451067532,2
28.027167967883077,27.34988116182711,2
27.85323617736806,27.960020891315494,2
27.816321786332907,27.79593704210094,2
28.024952160683142,26.988920399292123,2
27.493679863376556,27.703793839186076,2
27.80680124832451,27.053983062149417,2
27.22502976151794,27.11777580325104,2
27.912813162896562,27.593370415677082,2
27.46283200602232,27.18920305379487,2
27.90926924904754,27.35961357201827,2
27.660199431170312,27.672410044915736,2
28.389702743822,27.590151862511586,2
28.415413551962455,27.807592236267592,2
28.209496986588707,28.153911225623244,2
27.971097810321787,27.45797376152949,2
28.154296694057624,27.61428860961909,2
27.669612727903196,26.963504135128975,2
27.4120204038422,27.988115053481422,2
28.260002515619618,27.531505502317188,2
28.38951231950459,26.78990208970929,2
28.489450904738376,27.546907643231012,2
28.297103741535967,26.74735459150911,2
27.600020062586854,26.833962634417446,2
27.565080630583513,26.435784483729126,2
27.908286469722047,26.36091658791902,2
27.966469116362166,26.04147004631492,2
28.396198633040044,27.54463925610564,2
28.875609335885976,26.62133261981724,2
28.14963762930402,26.952024757531074,2
27.74871693309004,26.744285055938207,2
28.184330172755242,27.296956302945354,2
27.80195342096961,26.71879674376131,2
27.357695413207022,27.46692948223786,2
27.835830541309804,27.759218208923023,2
27.463426638731367,27.366039591287272,2
27.4468775279832,27.83213200498735,2
27.456862100609737,28.016285560821245,2
27.853196735233183,28.100498431474062,2
27.4913506224341,26.810273510066313,2
28.26602093738545,27.149439396866683,2
27.214758408267105,27.12885283290522,2
27.69500848673228,27.5528663889593,2
26.88988724849373,27.011533421439523,2
26.961090543659115,26.971383556873512,2
27.78363607020265,27.615349633099804,2
26.831185730540593,27.300955525041704,2
26.791682836809247,27.316308722351295,2
27.318168588435597,27.569002634948,2
27.667677971226517,28.08390854072345,2
27.53270901489883,26.32844878614205,2
27.94472701136425,27.32050481936931,2
27.261648991894667,26.461966853588528,2
27.409991069346855,26.712437111411838,2
27.231663274411062,26.937015437851823,2
27.876749127494662,26.83881483412355,2
27.977345436068614,27.615026753439185,2
27.686095014500644,27.681171747998455,2
27.660662721085636,27.60510814258119,2
27.85337659296448,27.808443610485632,2
28.098167607052673,26.909501214526824,2
28.701201990293843,28.820030744187974,2
27.37063079145076,26.442104812807123,2
27.70983310736462,28.044508198113906,2
28.159133281219113,27.318694716813688,2
28.135646891770385,27.046326871248354,2
28.296422925545745,27.16934920471202,2
27.712563721719018,27.42989556575118,2
27.313176137473008,27.45332990710442,2
27.93434918984168,27.575300224504968,2
27.347360284639183,28.32893813897763,2
28.045943609252223,26.774543003270544,2
27.474065975860096,27.21681096376038,2
27.92536399051574,26.83429380712626,2
27.83352456887343,26.258096774462764,2
27.91811464820571,26.491190537389926,2
27.859744947537106,25.95377134793229,2
27.28389898490965,26.447812736850416,2
27.347488794606445,24.81732713458446,2
28.16775217315299,26.792833638421477,2
27.77410134542968,25.572913603721673,2
27.27934726157584,25.877487695155267,2
27.943954446959953,27.10769520038562,2
28.096582076725035,27.565190681934215,2
27.606182804832414,26.890492702535653,2
27.724804606744716,26.516825828406525,2
27.812969303968448,27.228382963962773,2
28.496066055511537,26.812576036072564,2
28.35090222820098,26.555102195922718,2
28.456289350109166,26.286394166421914,2
28.088925553326096,26.203772201674713,2
27.641157693021473,26.85468589243379,2
27.67764489382334,26.97672670641487,2
28.260251496825244,26.902709875757598,2
27.87714815639818,26.684359386254012,2
27.706621516568493,26.111406888304437,2
28.311371886941053,26.47371513257607,2
27.721653792077618,26.158127508534893,2
27.615592337498864,27.466880413302352,2
27.985547658864554,26.943524346417405,2
27.57853823856949,26.489263557829258,2
27.71068448566316,26.527371215785085,2
28.660854409786115,27.04405019532285,2
28.139765375426986,26.57192605944747,2
28.45206292205087,26.673846009347603,2
27.84904016178117,27.204227214334477,2
28.348547286523328,27.096486170947955,2
27.884626336842953,27.099729487786565,2
27.973230933705665,27.36657041080406,2
27.65797263134429,27.345325323143385,2
29.142320544396956,26.461163537151123,2
28.106004800911215,26.99495910468631,2
27.65442386060159,27.387292690745223,2
27.808000902952173,27.18127116544574,2
27.907460234764333,26.691249279994672,2
28.41428154982476,26.816657465901226,2
27.94397052972765,26.831940215932836,2
28.32027643354998,27.154018969322454,2
27.395259170774725,27.129529236961393,2
27.76401496463302,27.324735799752798,2
27.922385055989295,27.107611766037675,2
27.93122837969698,26.62015789180775,2
27.746147909855146,27.07571038920683,2
27.9628824054563,27.24572524629967,2
27.984864970562143,26.795542927782275,2
28.339912364112116,26.984220838252906,2
27.668372239653937,27.0779978828122,2
27.958985619829555,26.49162507888372,2
28.112709038804404,26.938371891260598,2
28.18937326729373,26.571019864889,2
28.302230259208386,26.690111664260932,2
27.30583446237955,27.006807761332222,2
28.3557947059747,26.726696548643478,2
27.079278256625766,26.52508916631702,2
27.171792750285253,27.139865219255125,2
28.170710312837116,28.0980957199515,2
28.016905800040988,26.91862505534913,2
28.40633163551697,27.19193748235613,2
28.28413048921348,26.828968376418366,2
28.136401130910407,26.84324242275686,2
28.97541770989358,26.86996903096846,2
28.57781637076041,27.330537135823995,2
28.544440330977665,26.34198485049593,2
28.78038601431254,26.55603879146119,2
