PC1,PC2,class
2.6304435467045613,2.1478961628257505,0.0
5.056005430431174,2.479770969439866,0.0
4.181260802616286,1.2846790874260832,0.0
2.658394764456404,2.7343308913640536,0.0
3.0294108335884014,2.3607083054847995,0.0
5.22630884881219,3.257598439301203,0.0
1.0691869889931336,1.272003723548503,0.0
3.0853753447666983,1.0104632557984083,0.0
4.786974193264481,1.4455269662972332,0.0
2.4159176766041592,0.6526347944879095,0.0
3.563685900467088,1.199046595081049,0.0
2.4834392439257122,0.08217431440611343,0.0
1.9479411941212017,0.8624295705888214,0.0
2.794022319441484,1.031945659563313,0.0
1.8665236952812656,0.6767806551982645,0.0
3.2358349073430244,0.039031120742332885,0.0
3.0931131451138922,1.129943372005258,0.0
1.9578535924066465,0.9688786738081951,0.0
3.4182715147786236,1.7766766629627588,0.0
2.0266431253511596,0.2088116170705277,0.0
2.87280342328558,0.9242186364776146,0.0
3.0405213867282974,-0.1228408238189202,0.0
2.8323209118623205,0.9855594949413914,0.0
2.79433197452043,0.8693449360075244,0.0
2.5772180812866843,0.8589109395936118,0.0
3.7128253995719414,0.5725593426007352,0.0
2.6226761298480272,0.16393200625843268,0.0
2.884048131397855,-0.019288681946622758,0.0
3.2814740665674598,1.4942568599812522,0.0
2.5237098850750974,1.300287663593038,0.0
1.377048811897332,-0.1250223922998521,0.0
2.5333798245920396,1.186759921911139,0.0
1.9884235424200052,-0.5333674142762567,0.0
1.1240998319592868,-0.2664778566320477,0.0
1.9682883643109268,0.7533723220101936,0.0
1.657474316887263,0.8018475785938759,0.0
0.9930945202670797,0.5157073965504398,0.0
1.0175212587543643,0.2127309560102244,0.0
1.0028148305300186,0.4041506933506968,0.0
1.4210298109299278,-0.28463129385532865,0.0
1.2758309318668821,0.23794983861976046,0.0
1.3806100421736203,1.2992657348073227,0.0
-0.01547384849390864,0.3339119509939222,0.0
0.9763409493251817,0.5195528041993893,0.0
0.40088655472345824,-0.09238757146509327,0.0
2.111982573241022,0.03264813295010863,0.0
1.3725269176159975,0.15216210343887454,0.0
3.5466789497560494,0.9788032473846889,0.0
2.8597060331383943,0.19883984857891443,0.0
1.2531129765120987,-0.28356895142273725,0.0
2.067642744671155,0.2703811397655591,0.0
1.8814749418592336,0.366007492677788,0.0
2.0346754305292087,-0.38888248537736414,0.0
1.9308844385869708,-0.22094270340046684,0.0
2.760414342405027,-0.7093280300905596,0.0
2.9999531102030477,-0.3891006037325089,0.0
2.81152941756304,-0.043498237631155005,0.0
3.2212736053651128,-0.4199449731156216,0.0
3.254233580201974,-0.1689671874602071,0.0
2.4656892095466567,0.08417935232935782,0.0
2.745977317133516,0.4416322303577534,0.0
3.8940972568068473,0.4020466168847013,0.0
4.035252870921053,2.5400555037357164,0.0
3.729704389238376,3.024384713639627,0.0
4.533929819053892,3.9295834810967722,0.0
4.0361736601049625,4.289136212742149,0.0
5.221238711389246,3.836917558081394,0.0
4.722124287338866,3.575208406379113,0.0
6.070548091827472,4.460810832871519,0.0
4.880323418525884,2.522830319349308,0.0
4.0825352876075405,3.5550797883587517,0.0
3.5710536327321285,3.452161451096819,0.0
5.184513678037915,4.545829461146454,0.0
4.020976683107576,3.5242761069119997,0.0
3.311756058579584,3.6342642131241005,0.0
3.3810546730296935,4.260619630347301,0.0
3.217027896868501,3.5584563935241817,0.0
3.075994000695507,2.534248925746874,0.0
3.0353363672490974,3.478941995406859,0.0
4.2752018059521735,4.854557166035875,0.0
2.1989171135378687,3.8333414147671445,0.0
4.291401529324015,5.898422538052633,0.0
3.482470664398334,4.093336899401142,0.0
3.036085582963613,3.355237784352082,0.0
3.7225427503403363,3.458276575253824,0.0
3.842299838548112,3.5769249771304743,0.0
3.9426051460922613,4.687631646174341,0.0
5.344018938597468,4.213233611036635,0.0
1.6973239004762322,3.661395927180041,0.0
3.7360260629355424,4.309657924289365,0.0
5.199512968841925,4.733425654249208,0.0
4.906796846804318,4.635129934299655,0.0
4.225923228588199,4.664450797587541,0.0
5.821495206297849,5.869073723348763,0.0
3.9149425622287537,3.8232864705472367,0.0
5.079799238942521,4.042153740558628,0.0
5.938630706153745,4.6192243020938895,0.0
5.978531748086451,5.566734923647971,0.0
6.592714346036551,5.066312534374453,0.0
6.914361996577847,2.573921695567506,0.0
6.335856613501899,1.7051633218386135,0.0
4.6429880261561705,3.739278355686738,0.0
4.34916727645416,4.692515670418294,0.0
4.636037533245813,3.636689072429333,0.0
5.953550412612737,4.361639065413349,0.0
6.246099696091949,5.515925882245201,0.0
7.323376782963638,4.554539757464128,0.0
5.509957098130003,4.83380097139511,0.0
5.807601034002187,3.7332941122637506,0.0
5.52282402384496,3.142622508418336,0.0
6.462897486405292,5.145938950295338,0.0
6.999165905021977,7.697671533822664,0.0
4.362566154924009,5.91452571586654,0.0
4.193274172532006,4.730274968450754,0.0
4.620988043607334,5.416155723525118,0.0
5.2070076634702405,3.975425617076482,0.0
5.034798269718621,3.9873842559643107,0.0
5.919816620245327,4.660951633011337,0.0
5.960344368994752,5.249225399214004,0.0
6.118600168317471,4.019367414932511,0.0
5.892532798945059,5.932292276716288,0.0
5.219468597413433,5.686867452057833,0.0
5.926241432280995,5.959380336162489,0.0
6.3097079859184495,4.815955056745278,0.0
6.318216223982312,4.966005466712112,0.0
4.533118577574399,2.995555592819521,0.0
4.662811900364088,3.4801357858547637,0.0
5.141495326454833,0.2535428175463858,0.0
5.120399004931751,-0.11642414094745875,0.0
4.4262459173756605,-0.11855004628349565,0.0
5.680149800689244,0.029140004182279165,0.0
8.406962001855167,1.5165767332680107,0.0
5.906673966925707,-0.6245769607936886,0.0
5.623414232202523,-0.4730049948460493,0.0
4.943952203837919,-0.7553548775700957,0.0
4.008440184757959,-0.40000389409297255,0.0
3.78309244876906,-0.8828714448965527,0.0
5.26861628358901,0.3241833443297457,0.0
4.602527097877101,-0.3076268678670565,0.0
5.090178546560473,0.42981900224729896,0.0
5.007224942990697,0.9750665555822988,0.0
5.130688225022965,-0.275579995816881,0.0
4.427719019290134,-0.6076365185754011,0.0
5.995063658673691,0.6838481524319417,0.0
5.883260839456844,-0.25700937916144034,0.0
3.902534140106098,-0.557043464281065,0.0
5.347727585640887,0.3944268588675782,0.0
4.331565875089733,0.18699691657238432,0.0
4.248165163423392,-0.09449949047352539,0.0
4.872223473886491,-0.06414786821136448,0.0
3.98071847621966,-0.4850482447196317,0.0
5.267192091302618,-0.3303488519569245,0.0
2.7751204330785857,-1.0487953302534094,0.0
3.237295869942425,-1.3800628098151841,0.0
4.756271359014209,-0.8124162647887706,0.0
4.257744575953526,-1.2790707420368934,0.0
5.22814031017522,-0.766372239805027,0.0
4.614807999066061,-0.5419583727965113,0.0
5.404603324835114,-0.6885261247826722,0.0
4.897167997180298,-0.5139240788674123,0.0
5.038682668383246,-1.148166258569175,0.0
4.935988197866128,0.14081986582605244,0.0
6.305965157609446,-0.04401698788145608,0.0
4.224302835414924,-0.6964419118856581,0.0
5.366215205623701,-1.3418579016333265,0.0
6.128668344155842,-0.5549105374972124,0.0
4.781154849587977,-1.1624123138134597,0.0
4.377957104270282,-1.520168756003038,0.0
6.457352031975913,-0.8458802526878629,0.0
5.979551159314224,-0.6618196011283697,0.0
5.168679150965727,-0.5451264896735232,0.0
5.80898637959985,-0.7939715849469449,0.0
6.232903101910632,-1.3803462988669521,0.0
5.579969929907243,-0.09726711736577592,0.0
4.6802110207780565,-0.16146811533052075,0.0
4.088633800393913,-0.4142627252023146,0.0
5.216674300065233,-0.9765010191550377,0.0
4.620748073107054,-0.9984449005729951,0.0
5.101248562711594,-0.010383950975674896,0.0
4.332817962067091,-0.5698199341250343,0.0
4.445529031824697,0.3366226046607176,0.0
3.819543917612087,-0.7575558965464939,0.0
3.845472204686812,-1.7551973475744627,0.0
3.525065056402464,-1.2217739306564728,0.0
3.4635045437361454,0.12885944339909366,0.0
2.92758066692338,-2.027005625219132,0.0
4.209342288750988,-1.1058633977647938,0.0
4.662545532889585,-1.7414266506559641,0.0
3.1753401004284325,1.8310554383361874,0.0
2.2303189380008592,2.3872918934196745,0.0
3.6324785890963693,1.157995546046695,0.0
4.419757323751822,1.470384014045622,0.0
2.974116914661015,3.0004529269765072,0.0
4.077979968311375,4.398885161168859,0.0
4.062962153203565,3.652223315748385,0.0
3.3729949402433275,2.850354725146401,0.0
3.802985177015382,4.557282034207844,0.0
3.7796550064945573,3.7131834266968764,0.0
4.087939706168679,4.195369222363674,0.0
3.791756841928046,4.175964396168788,0.0
4.059263845065333,4.667510337914137,0.0
5.428390560794281,3.813486675140953,0.0
4.433712956184696,5.052663997535978,0.0
4.386790848213791,4.516511756043239,0.0
4.655052862321303,3.9171801685562437,0.0
6.840191355091428,2.4532134559501593,0.0
5.721170379099378,2.634365731336203,0.0
3.318307758375861,1.6841733525424256,0.0
4.836833782761913,4.435992628020819,0.0
4.93227309315582,2.642320719709392,0.0
4.539670330905029,1.936781821767615,0.0
4.389083934572076,1.247285477546685,0.0
2.9587958500090705,0.4663692838023014,0.0
4.511458107577058,0.6703725326320069,0.0
3.2765580618768433,0.5969107302717269,0.0
4.185870503116595,1.31596655310613,0.0
3.0959234515674643,0.7585623601624047,0.0
3.3374502424892105,4.004711356354204,0.0
1.9387414763094197,2.5560746303495563,0.0
2.182633119051497,3.7228564159973985,0.0
2.4095937608904108,4.670798875117508,0.0
1.5324326747089143,4.106657016922335,0.0
1.7791889570541424,4.217861462596604,0.0
1.460532034332149,3.689171306382969,0.0
0.7055303736132024,3.4764282972772746,0.0
0.9040067470887885,3.5291263777877595,0.0
1.2562742474723994,3.449962894812893,0.0
0.5255944334585576,3.139241662730023,0.0
1.8250613080635605,3.494330651703514,0.0
0.5621204582365296,3.3308103253135757,0.0
1.0430821188417538,3.0902417832756157,0.0
1.594073626291161,3.7421032252457347,0.0
1.8673760966606874,3.692640686318129,0.0
1.8978800987469842,3.78004499943694,0.0
1.3171760052650816,3.2410886560981584,0.0
2.2980859548524473,3.2531544389075906,0.0
1.5472737113521189,3.387982616402701,0.0
1.9847727664699857,3.21350094484428,0.0
2.2699178346620443,3.432378537837635,0.0
0.6211383307029614,2.807853341217368,0.0
1.2013552887966463,3.372361796601934,0.0
1.0329042004057605,3.250787424398032,0.0
0.32568026489594915,2.5583646006454304,0.0
1.2065176184882596,3.71957993542455,0.0
0.48196331589072006,3.0427349555965812,0.0
1.196371868100349,3.890769962215636,0.0
2.6683217238268964,2.930773205476138,0.0
1.423990029271422,4.15866398625614,0.0
1.4431700713630617,3.9174421245133018,0.0
1.710822054083537,3.2623463986137393,0.0
0.6169417875246731,3.478455296817705,0.0
3.6990219050492423,1.5128485246223966,0.0
3.265300660662722,1.761755616994865,0.0
2.2460572688193805,2.297969192678545,0.0
4.131401247144327,3.4392274311499236,0.0
2.4156959549146864,3.794594853975869,0.0
3.2914803670099517,3.07943971066285,0.0
4.704486700647428,4.212102897012827,0.0
5.303430842018623,4.031906355833963,0.0
5.294137007180383,3.8763484377292285,0.0
4.589204121551908,4.466746115182943,0.0
5.3682927115818755,4.181869757733815,0.0
4.3872326797502454,4.479350031094653,0.0
4.533720968771083,2.917392101481103,0.0
7.565541653967309,4.510109853663072,0.0
6.492808835633665,3.7156561266491916,0.0
4.031514103778338,2.8009202035086442,0.0
5.271621242370872,4.160614003173387,0.0
5.67089269252254,4.284668634746444,0.0
3.907382750013794,4.060439503969795,0.0
3.2072488113387845,4.51734612972879,0.0
3.4558615016215564,2.875694130319093,0.0
4.4782162648946935,3.532853470693937,0.0
6.519586359120239,4.320005665281491,0.0
3.643877737119462,2.814709026918787,0.0
4.6378871367037044,3.532441179052285,0.0
4.440563520054966,4.092400655917084,0.0
4.149446812555545,2.6064421212420297,0.0
5.080842218219198,3.208522360331857,0.0
3.201933133520406,3.5674404597037084,0.0
4.13123437558802,3.643811574010008,0.0
3.6980373832567093,2.853889446371314,0.0
3.6142067383812493,3.4724295799836375,0.0
3.49766095381428,2.8003501633704055,0.0
5.143389182569838,3.00027812742004,0.0
4.536132704821755,3.5641666836578243,0.0
4.486741986055814,3.7948344562394416,0.0
4.069862596261675,3.0493610621028195,0.0
3.789911977493721,2.121103295279749,0.0
3.22218325835783,2.3820091656043103,0.0
3.422535929492567,2.8530181484392796,0.0
3.991122495023922,2.7420536519344125,0.0
2.656438204835094,1.882894812142564,0.0
2.9303115300481193,2.71509865539873,0.0
3.642557268804166,2.7565140637607692,0.0
3.519684556969701,2.826066491203159,0.0
3.852671762372857,2.675437817745232,0.0
3.787363857160887,3.291995584431724,0.0
4.151603947815012,3.2914808725865563,0.0
2.701438697869301,2.1508574805904606,0.0
3.8403557103230623,2.531130980312874,0.0
5.074707049911621,3.625194898421033,0.0
4.876470134574764,5.834629026766017,0.0
3.9348073846258327,2.690385942352263,0.0
4.55567285455108,3.3750034923582746,0.0
5.777844306170482,4.420623861582032,0.0
5.981761421083736,4.607746774995542,0.0
5.586862182334693,5.477497935170257,0.0
5.179105319795634,4.737724941110703,0.0
4.683640733345661,4.915619681156294,0.0
5.074096663751574,6.04379803353738,0.0
5.777321716239581,5.377093686020562,0.0
7.416247007668806,5.464434779797488,0.0
7.033951805190699,5.449285657730154,0.0
3.333764497664512,1.6987869163224094,0.0
5.2265384038552565,2.115011564066465,0.0
3.631083590087449,2.068441055375549,0.0
2.7275878924457126,0.34404040817888726,0.0
3.686736105909625,0.5348903404601197,0.0
2.460516641709545,2.007774036627062,0.0
4.291476881201003,3.3859193872333724,0.0
4.5836775903640525,2.74238663197407,0.0
3.3323075819273567,2.483491160958618,0.0
5.604488503431819,4.110388600536226,0.0
6.107114369167906,3.8710600731863676,0.0
3.945827573516189,2.4577961571522664,0.0
4.940805169051681,0.7498525037029053,0.0
4.149337685416912,2.887012231798278,0.0
3.8997520058072213,2.086695603354035,0.0
4.21356146764831,2.6368005211687984,0.0
3.3514379442124076,2.1120857582202635,0.0
4.904539269021286,3.4341978263425337,0.0
3.7980913112783057,3.2295434632837083,0.0
4.089377030795569,2.3777485884950607,0.0
2.850399344274205,2.92623541623505,0.0
2.9057375766131304,3.342305434933761,0.0
3.9119033640186873,0.8725973935433142,0.0
3.996385331352268,3.258048203757523,0.0
4.34019653184295,4.50780091270467,0.0
5.08804069325483,3.7990186618281485,0.0
4.079201648412441,4.2870744844691675,0.0
4.476268358251369,1.2816441060054522,0.0
5.507954673390279,1.0695350152365373,0.0
6.774065646097766,2.908363646857417,0.0
5.593239149698459,3.6063127790974185,0.0
6.029161302781806,3.281120409723243,0.0
7.862572438038287,3.2248406355369883,0.0
5.483430413809489,2.1032163988818233,0.0
6.834207303265464,2.2097463958104666,0.0
5.400777936086854,2.014330896177444,0.0
7.715509860991306,3.7134783060042658,0.0
3.6375760770987737,2.5558687595352083,0.0
5.620623162943786,3.9421234508885825,0.0
6.285977953790668,4.0333572830270015,0.0
5.7340810922662,2.787167090112311,0.0
5.697288234616725,3.0525985763604813,0.0
4.687923848603997,3.143755285630575,0.0
4.831719198284232,2.5368082195180484,0.0
4.657789195932587,2.822842351435281,0.0
5.92908495159316,3.5862689242542074,0.0
4.896159400314877,3.942599910238347,0.0
4.337735988547468,4.315263795123876,0.0
4.43433199468357,3.54991203367995,0.0
3.5096258716815156,2.9335618905131087,0.0
5.240242282024867,3.946404002995617,0.0
4.3394855379813055,4.142287560675098,0.0
5.200169900727985,3.0222699443623195,0.0
4.553831015243491,3.1904310052915745,0.0
3.890382843338182,2.4181502196625346,0.0
4.327473635068765,2.0360054567492267,0.0
3.0727134621465013,1.930783470896641,0.0
4.793741537317762,2.653715461443859,0.0
4.382726327753642,1.3549169723319308,0.0
3.4193832204228474,1.3508202800120714,0.0
3.1577444916133,1.850312361566603,0.0
2.5345247210485895,2.2719267346891607,0.0
4.176293732530651,1.9700788647023637,0.0
4.200810374629905,2.5974861822669286,0.0
3.0576138263861017,3.349510222065812,0.0
4.281437720648255,2.381216521148118,0.0
3.374099474368014,4.5608416658488435,0.0
4.156412326102034,2.2216848245681935,0.0
4.752460851615668,0.7574669480684433,0.0
5.196978910974207,1.4459326788635216,0.0
5.217312726628341,1.6380222871995873,0.0
5.24611762094373,0.2901653171023701,0.0
5.89344373675305,0.559033576816218,0.0
4.856030852639636,0.6499193786266297,0.0
4.542029398832322,-0.1235625579931304,0.0
3.2586360027974988,1.577201020717576,0.0
5.0802967640406855,1.5338694879957167,0.0
4.9217444001256885,1.1677081998072476,0.0
4.922309546278585,0.7679133183739647,0.0
4.942189720553506,0.43046019444862016,0.0
4.734878920268637,0.36755969619986917,0.0
6.259182935598137,1.3572730019326826,0.0
5.871737864869581,2.031212134399535,0.0
5.984099607868854,2.588615878043205,0.0
4.416807807846232,4.275512554075246,0.0
6.176610557488088,1.8052823757266656,0.0
2.8536214459892775,1.3621487778009722,0.0
3.922416424274561,0.07716939784038679,0.0
5.447623406041074,1.3111006375121546,0.0
4.926637314630783,1.2422089423529443,0.0
5.82411556566239,2.030104172447392,0.0
3.754747181967395,3.4669345338519477,0.0
3.6072964843730184,2.4651408672396586,0.0
5.55218389169577,5.532849049980311,0.0
5.320982444132074,4.0184031282779324,0.0
5.405038186941832,2.455055912566196,0.0
4.737334855815395,2.4334525645949436,0.0
5.23245077287805,2.038432057584828,0.0
6.29316174976165,0.8191747885780729,0.0
5.234104586906286,0.8396911096515833,0.0
5.328794388000455,2.1541167564725496,0.0
5.110991867380594,1.204587351360455,0.0
5.722457532770291,1.5521988356995478,0.0
6.690785185636019,0.5931279580222593,0.0
5.101674135273729,1.5661155949168455,0.0
4.967893023650161,1.8457439765813681,0.0
4.912800869008181,1.3583914871112595,0.0
4.978811720862926,3.7614594929990774,0.0
5.647599157925132,0.9207721393479547,0.0
7.247266939463737,3.5861013857403723,0.0
6.6337951362410905,1.3123860323814822,0.0
3.6844446367495696,2.464285420651208,0.0
6.409841652171989,3.568447590133177,0.0
6.1470272945212905,2.0483786625512015,0.0
4.886639083343335,3.632321279567835,0.0
7.1691063204919745,2.435377136907379,0.0
5.712800160578559,1.1805354595566986,0.0
5.922874393371207,1.9992698997522802,0.0
6.186608474309624,1.675827140805116,0.0
6.502613261412362,1.036322924288342,0.0
6.1293887373179965,2.2945472527016206,0.0
9.126572705834672,0.2802246515275223,0.0
6.901233131954971,0.2780443862039778,0.0
5.481604971988471,-0.42976186576049513,0.0
5.439559750440877,-0.43845683366544036,0.0
4.700420851336505,-0.995171006308988,0.0
4.565941913587814,2.3912382907272236,0.0
3.8768453136576264,4.016647502554292,0.0
3.56565200362508,3.3734309318555864,0.0
3.0596133706927953,4.0097295234105825,0.0
3.374530937065978,4.432340233692562,0.0
2.8643464432580847,4.69532994010366,0.0
3.609576574145835,5.17824261204278,0.0
2.3206121925107337,3.4433325481865245,0.0
1.8091990395542603,4.27647989857015,0.0
3.560803579318425,5.210735172046092,0.0
1.632469216530019,7.601830587198327,0.0
1.5940411865522501,6.755046278108655,0.0
1.0816817326546793,5.287332183577441,0.0
1.458789898270316,6.025315525167208,0.0
0.9600324062788846,3.6468753137256735,0.0
2.1943593053066315,4.358458183977731,0.0
1.5945808242115551,3.604348675769065,0.0
1.1815474673156836,2.952739585500531,0.0
2.264572061522318,3.901605416421175,0.0
1.95798548127092,4.704212178989118,0.0
3.46359745614825,4.715896391441509,0.0
3.2673560103378065,4.930843992244146,0.0
3.487763453437683,4.913933469668276,0.0
3.2278227270844395,4.820491984097903,0.0
2.762708289714658,4.38570136056396,0.0
3.5009068273167325,4.367933474481332,0.0
4.30244583976508,4.826198427826317,0.0
3.7507349181961374,4.853545032681493,0.0
2.7030569580915036,4.640922774265583,0.0
3.705712578336309,4.814264008633689,0.0
3.983931073228052,5.271404177841956,0.0
3.1264202090313358,4.912108039947825,0.0
4.065815893681463,6.191018534982006,0.0
3.143953611303959,4.7992392686973275,0.0
3.8592159899122356,6.0459021044820345,0.0
2.4709204269164315,4.92711867956503,0.0
3.605618770962755,4.682856693466902,0.0
3.865456067071557,4.665880405056435,0.0
2.969433327653584,4.673576455992047,0.0
3.4583853247594254,5.156169157313795,0.0
2.9009333477292736,4.884033001673305,0.0
2.906500719057026,4.796975738561502,0.0
3.2930411331293823,6.11261807902903,0.0
2.757531918923898,4.737844636318142,0.0
2.3772794978882765,4.288078115744233,0.0
2.4802366535266334,4.405332945907684,0.0
2.799699792830113,4.458889213110607,0.0
2.1685932962429493,3.46765479951711,0.0
2.4646152703515534,3.436250730739208,0.0
2.3720345114346237,4.147067500598762,0.0
3.0649875971593716,4.586054647630193,0.0
2.0168677754166398,3.851546215468067,0.0
2.4400359070599253,3.216895476537213,0.0
2.661002102338896,4.236661109202564,0.0
1.8516011653693394,3.5068603295036445,0.0
2.4398524614736443,4.446078950803081,0.0
2.794177963533876,3.6918944429734015,0.0
2.2484407335926466,3.9627447142080943,0.0
2.377176479029714,4.303540696432443,0.0
1.4714315667912465,4.1880647772701804,0.0
1.103297256132798,3.856788669005639,0.0
2.9726814270564357,4.63828460580549,0.0
2.3149596372655217,4.478236529043762,0.0
4.620432064711456,1.8498935335935067,0.0
5.202982448287764,2.1970062728959867,0.0
3.5915679072445137,2.4661359245561703,0.0
4.635180008615939,2.1325134310251883,0.0
3.0188989925118572,2.2996516285558233,0.0
3.0221444459184417,2.588532779870461,0.0
4.631749884114836,1.1613113199329075,0.0
1.9328040068127772,2.052569430587393,0.0
2.6861875751120743,2.0478620074254104,0.0
2.554552076823849,2.025695474711146,0.0
1.9499777702834624,2.166212869940888,0.0
1.989991989248128,3.01993812680914,0.0
2.3710000062647767,2.717503681142783,0.0
3.4220656216842897,3.246806216755638,0.0
4.298525848764517,4.158936103374997,0.0
3.6283307232021476,4.320288355290292,0.0
3.7028009716015187,2.914667815015359,0.0
3.65690143359482,2.73185855223439,0.0
2.6515640282782313,3.0870283210979093,0.0
2.0525446782367696,3.486185974535266,0.0
3.450666264758283,2.872766743889181,0.0
2.578655597755844,2.6910562934381734,0.0
0.9731991613803406,1.0050024332664038,0.0
2.4197526765074393,1.2627416597364014,0.0
0.9200185806893333,1.1332652386802666,0.0
2.4766768183867014,0.9598890270909485,0.0
1.826350716989804,2.309852096653392,0.0
2.1388840416712087,2.23363731578826,0.0
1.2384312748784962,1.044687095557593,0.0
1.4361279691332836,1.480040851986666,0.0
3.3509628351378415,1.4248738943930694,0.0
1.2956294038829246,2.5563306981271605,0.0
1.9870084632552785,1.1211788175099817,0.0
3.2682655999401797,1.6185730052173295,0.0
3.8135802683593143,2.2385158411740838,0.0
2.8478561191166722,1.281844183976178,0.0
2.636994892594124,0.4707275131753056,0.0
3.0123884599551265,0.37979495934982554,0.0
2.0833345686394003,0.7380364568259837,0.0
2.3970030998698006,0.19315104551566056,0.0
2.3953681441157935,2.4696554283953414,0.0
0.8556565912121721,1.3293044639741127,0.0
3.322681593629904,2.215708870671042,0.0
4.477648408814767,0.6366680460358969,0.0
1.9023462134500173,2.309429903549568,0.0
1.403027079338139,1.8330653832024573,0.0
2.1003273411730934,3.0280181498237093,0.0
2.5192364104020344,1.24412346549629,0.0
2.8242359297253326,0.4141918014472357,0.0
3.22661576426289,1.1689138375320085,0.0
1.8919798682835258,3.0077648285851932,0.0
3.4519352726144534,1.9657405809853423,0.0
3.4752638000478195,3.021071211250191,0.0
3.2974224376861994,4.332492352240083,0.0
3.583813834081292,1.8062577576350358,0.0
3.709889982562134,3.721828830205289,0.0
4.339427751276656,2.6115669275016757,0.0
5.448873733376684,2.388923400083828,0.0
4.488016301126519,0.7803286822965501,0.0
1.8977450059594114,1.237126687086753,0.0
2.867480179999156,1.911671139725866,0.0
4.423391307841445,1.327502513366143,0.0
4.204053400698844,3.0653381507252297,0.0
2.9411121387577266,1.9345154863030805,0.0
4.517405261266626,4.48501892822366,0.0
5.255895527808898,5.078594095749399,0.0
5.0257108506603645,5.644632224938692,0.0
3.3317353893891166,3.770986125003072,0.0
1.751413629812295,2.883592127304848,0.0
1.1441544355119517,4.104530491888078,0.0
1.04204928934218,3.3155730071317797,0.0
2.5329380677002002,4.489654686550555,0.0
2.5126185536413255,4.067437995568106,0.0
1.2643986033050756,4.170667481014362,0.0
3.3163109645471165,4.384695646979241,0.0
3.053618207684756,4.174390511530856,0.0
1.4198149880642048,4.408816364768486,0.0
2.734940743129892,4.9056882671064805,0.0
3.745598444603357,6.216131070732724,0.0
2.444094078320328,4.380103984814507,0.0
2.3098681460785593,5.521908584913814,0.0
3.760494047861837,5.50965492195219,0.0
4.330955930933437,5.238059693969311,0.0
2.869462931127601,4.711869959707023,0.0
3.8585462771047307,5.834064635156814,0.0
3.7131305745230523,6.500572629044293,0.0
2.9356577095329306,5.326583323076672,0.0
2.219052524555034,5.277470423553209,0.0
2.543525291716846,6.587615316468404,0.0
2.9395094150039416,4.973083939481023,0.0
3.312327351562672,6.029753010932337,0.0
2.9171368242088884,5.428500330723554,0.0
1.7217659326427064,4.783205605604349,0.0
3.541852752835655,5.947632379271338,0.0
3.9253166401033854,6.575201726218873,0.0
3.468373326741684,6.199868820810853,0.0
2.6960483639395707,6.151648613222099,0.0
2.471120973248877,5.456628711644914,0.0
2.522542713227286,5.819462651669535,0.0
2.0741139924745706,5.5937038953792095,0.0
3.1508719349526526,5.6940789248388155,0.0
2.7665199924479733,5.020003418102585,0.0
1.8334419132282065,5.005470558350534,0.0
1.5598211741331445,4.961888421754677,0.0
2.5855973565248576,4.6992086211590625,0.0
1.8232682602904562,6.024784896456226,0.0
2.9712594800754957,6.026668001975651,0.0
2.589786186420982,5.4333159282567935,0.0
2.8103200350107933,5.487774242154356,0.0
3.5327439198627673,5.430028501338502,0.0
2.935349621604694,5.751809495652751,0.0
3.692333164608714,5.799990793658065,0.0
3.382580298774803,5.0214652811984575,0.0
2.594649467223997,4.501818912686388,0.0
2.840537106826684,5.3000515888436,0.0
2.3916117017777783,5.265776482975112,0.0
3.0452768652370112,4.616966033843789,0.0
3.0524773243676036,5.760385250370805,0.0
2.4477792784644845,5.436738501344651,0.0
3.401673012497542,6.295182214067963,0.0
2.4222216231300093,5.952628320656613,0.0
2.4061187132858843,6.236520687393535,0.0
2.576670077151433,6.059002481347276,0.0
3.612208069994654,5.811783746666814,0.0
3.6525960599733036,5.5651966145103495,0.0
4.290195467187565,5.4858470853136065,0.0
2.974541879671828,1.9272455149936403,0.0
3.6952094077397732,4.388204019178056,0.0
3.4075481465178137,3.678418876766785,0.0
3.3313986159287756,3.3763834041853387,0.0
3.7251102515981662,2.9019377056589497,0.0
4.2892478265505325,5.277272969534758,0.0
3.046499256051511,3.8242151049883364,0.0
2.923226014161168,2.7827538484371646,0.0
3.575054396907384,5.783350388538275,0.0
3.1266863472635804,4.420972878505308,0.0
3.794544215297922,4.317223874731674,0.0
2.6747734470286804,4.8098215183898585,0.0
4.891451938911873,3.987655183541408,0.0
2.7309239976670128,3.2768666161043494,0.0
3.573189207601742,3.3859505453045564,0.0
4.860914811918353,5.0439072178082345,0.0
3.8067737389134093,3.68664170095788,0.0
4.489113626303104,3.63761757820408,0.0
4.912542819002627,4.65262635971987,0.0
5.300640457993894,4.237283195853843,0.0
4.898890128072896,4.540116952916517,0.0
4.090264460499693,3.9729142984913426,0.0
5.290503005679998,4.162142511814362,0.0
4.5178042438805255,3.9000523119407013,0.0
3.718766473492359,3.55779829968572,0.0
4.725266160264272,4.048456354338144,0.0
3.102800414012347,3.458689322811484,0.0
3.9827408960740622,5.1750896362004655,0.0
3.3545085788441535,3.477220495437739,0.0
4.355978526102384,5.197753599257564,0.0
4.295399999663717,3.723939552369359,0.0
4.589193980936199,4.64404751952708,0.0
3.766371832233918,3.6137205888703274,0.0
3.6327972868321874,3.778356665955433,0.0
3.6307083924975756,3.9489392443338485,0.0
3.0322207044873797,3.187850412221372,0.0
2.9331307216147455,2.7633613643485004,0.0
2.353344091216624,3.4785532949728264,0.0
4.8158529039314315,5.0675876866552905,0.0
3.77692403909257,4.795488636158326,0.0
3.147718756777174,4.32643996975704,0.0
1.394156814817469,1.9014786189184054,0.0
2.8925057109742145,3.639577227318965,0.0
3.023090638707848,3.598543382379281,0.0
2.657133106951111,3.420535197326307,0.0
3.5933035419650463,3.9259449814372873,0.0
3.1601030317647125,3.6580020461694507,0.0
2.2793973861728283,3.467945309106724,0.0
1.8851919284827263,3.150338589984844,0.0
2.796859421184858,3.6697379812935274,0.0
3.318088365427468,3.814317136358302,0.0
2.0081698892453277,3.2732921848660665,0.0
1.9544541065024683,3.227689412917649,0.0
3.458728921534015,3.5528794068158507,0.0
2.383394217075446,4.190961700802143,0.0
2.496420003350047,4.196294339224684,0.0
2.745683992054978,4.382162908280064,0.0
3.106544659374044,4.643727692748681,0.0
2.4883004776101827,5.637400269449818,0.0
2.5729328701534198,3.5969732161114765,0.0
2.59709266075319,4.429174390742636,0.0
1.5552353612762433,3.9958874535204547,0.0
1.1808964653334484,3.098878084599905,0.0
2.8169248701306535,2.4114685998492917,0.0
3.0754617940036866,3.0321510205271642,0.0
2.106061291015159,2.940191043971975,0.0
2.666650425666246,2.987504521749697,0.0
1.6879501187113173,2.9493205503841327,0.0
1.1484187372107784,3.7803014879364816,0.0
0.776870911247728,2.6046931857211746,0.0
1.4266349820059425,2.8121259827962013,0.0
2.644282858135976,3.200097137958553,0.0
2.619267538162581,3.916773397555534,0.0
2.6991106523669566,2.8537716236430364,0.0
2.9904543177435547,3.4597502409006777,0.0
3.8199573140947805,3.3707384698705196,0.0
3.469146629625442,4.004536218726418,0.0
1.5417754024720092,2.906495438279117,0.0
1.292492864474326,0.4402097041742826,0.0
1.5200745501820365,2.937937910578806,0.0
1.6591853111704045,3.42318375381217,0.0
3.6889493026513622,2.0265253228810893,0.0
1.1188462462340625,1.4328803153996668,0.0
2.8181799755050716,1.1180616759745654,0.0
2.535089204124166,1.8850730974649956,0.0
3.8048502859538216,2.783506784910389,0.0
2.1541992920708255,1.165358629873376,0.0
2.4799030007953027,2.7629846316553612,0.0
1.4685844829632728,1.3555688982614493,0.0
1.881052857221301,1.041375591111998,0.0
0.5722278784776443,0.7136682361251026,0.0
1.6514761229136803,1.0802514116635227,0.0
1.401446683373499,1.0221743219022068,0.0
0.7568274673107476,1.087929738143193,0.0
2.4701921059295477,2.456147547272001,0.0
-0.11914847032274871,0.736781585388278,0.0
2.2549291097466995,1.5346423668112152,0.0
2.8945760434782177,1.1500073439347576,0.0
2.5353265557588607,2.1162010807822944,0.0
2.0501556955175144,1.9571170686505757,0.0
1.2081997045244732,0.8476060481925707,0.0
2.7073926944406694,1.0547373869224672,0.0
2.168157421564767,0.8426605843781416,0.0
2.112625863166275,0.3459056829982264,0.0
1.2468619235263039,0.48217591790200925,0.0
1.718291741711888,-0.0004896529746221149,0.0
2.5816883673236677,0.5855515745199565,0.0
2.7551525110808046,0.836396002710722,0.0
3.169008289919062,1.124368001061331,0.0
2.4664500452398195,0.9896362482417334,0.0
1.6917374277956543,1.205661616227809,0.0
1.3008129240551822,1.0316717236682795,0.0
0.5371175248802796,0.5091129480063388,0.0
0.9300900377214254,0.1906121579719212,0.0
0.865154455820211,0.6752806010894001,0.0
0.4726157915890226,1.0514662696762753,0.0
0.9748063026619376,0.028330133131219095,0.0
0.5653108359703303,0.23328156471078973,0.0
1.0096056416450265,0.537398597264886,0.0
-0.047119124263919794,0.7667795533218861,0.0
-0.28178497236864186,0.5843234806199623,0.0
-1.0290653621176256,0.2493923906878485,0.0
-1.0590628881894042,0.40998339299209713,0.0
-0.04563669504306485,0.8041193090238733,0.0
-0.5917201976021058,0.04614082309486893,0.0
3.338789388425878,-3.3103576382408,1.0
3.1890608254325645,-2.4208029108873172,1.0
4.655183352630137,-2.9898090877445433,1.0
3.744223987910199,-2.236537310232797,1.0
4.200952638316829,-2.691049933707166,1.0
3.7976129354050103,-2.9738827459173565,1.0
2.8525966771222437,-2.546902119275805,1.0
2.9789372128963594,-2.745980932261332,1.0
1.7503058988736173,-3.49260539924583,1.0
3.2321007174080125,-2.625371297055088,1.0
2.4642513838688855,-3.334568465472277,1.0
3.158766557190365,-3.1182703733429546,1.0
3.5537042373409706,-2.8620489152619597,1.0
4.486879042086272,-3.6112347653556323,1.0
4.384592381914818,-3.1953574843736416,1.0
2.817260342799128,-3.3038631088231654,1.0
3.428902704203443,-3.6131521260229933,1.0
3.4525532880194603,-2.992947690342847,1.0
3.6920102293201142,-3.2985623178240027,1.0
3.238249191921821,-3.4832982395415297,1.0
3.7436069577918625,-3.3789339002790335,1.0
1.925061300952266,-3.2070744419508395,1.0
2.111584222600797,-3.191455737989861,1.0
1.9476339380196215,-2.971342029457283,1.0
1.663992680667473,-3.3896048492011417,1.0
2.393535176219139,-3.098215078365816,1.0
2.086959811332394,-2.800905825602782,1.0
2.933986733105557,-2.845208019466081,1.0
2.416795038564937,-3.6443123723917985,1.0
3.2464804657453565,-3.4396158049708743,1.0
2.836911107197379,-3.058337065678153,1.0
2.1108798511270845,-3.0159948726260155,1.0
2.65521006634719,-3.125730365123923,1.0
2.4188146355135705,-3.4810388131153354,1.0
2.4431438529377374,-2.8082777074094936,1.0
2.2772054699524595,-3.2888772523405096,1.0
2.4735892567761946,-2.7302394871726654,1.0
2.159916261094132,-3.376254456379395,1.0
2.7629477767116186,-2.784085102688789,1.0
3.0532685448442347,-3.2750875674961204,1.0
2.5554074866431997,-3.018979626145319,1.0
2.3688759151580014,-3.0101282500406175,1.0
3.3357793170052172,-2.76519203401764,1.0
3.1629564661739917,-3.7329717976921635,1.0
3.280903157706033,-3.0805178288427624,1.0
3.352175196514306,-2.6922056919632946,1.0
3.267967235612825,-3.1935023613642435,1.0
3.128185488927557,-3.247295427333445,1.0
3.475769891683375,-2.7530709629289496,1.0
3.6653969204615806,-3.2329538604155545,1.0
2.868184806019969,-3.929500235177501,1.0
2.7762980326089215,-3.637419616875055,1.0
3.349005394090448,-3.112028933975613,1.0
4.612060099887115,-4.098593278199337,1.0
3.4198909521656415,-3.5755600541999084,1.0
3.0706036270396013,-3.6817745219594746,1.0
3.025825458109776,-3.9420003475295777,1.0
3.47166193981353,-3.08674341418212,1.0
2.9453231135839606,-2.474703003906757,1.0
3.2983957719696706,-2.800939861064028,1.0
2.625329260872038,-3.1266813932460695,1.0
2.1539465443759718,-2.8047944315278612,1.0
3.768916720253722,-3.537110371776911,1.0
3.3829279666629484,-2.3726282822863536,1.0
2.797485647078178,-2.2853239124584754,1.0
4.426942309592888,-1.643242835514549,1.0
3.216232307328418,-3.171712405300246,1.0
3.323723491324998,-2.8416933374432696,1.0
2.894531666947245,-2.577629522874636,1.0
2.572293221296976,-3.3848188132131916,1.0
2.6062941919726743,-3.5456017679678653,1.0
4.233222864156256,-3.627257955034145,1.0
3.11665359381546,-3.004279213880363,1.0
2.9701464926681536,-3.1827755311489643,1.0
3.7672390116539045,-2.9400201738281755,1.0
3.1724720330219007,-3.094765476066856,1.0
3.416969532377072,-3.031504508083248,1.0
3.169935455101336,-2.6742063969215746,1.0
4.252399268253522,-2.5808764298392304,1.0
3.510123418615344,-3.541125466696862,1.0
4.649421724019377,-3.5252695896704664,1.0
4.916633600760594,-2.861239168575475,1.0
4.177709921374005,-3.3349946655054024,1.0
3.4199014833375814,-2.89552606511331,1.0
4.1988885957925834,-3.9802089335314843,1.0
3.6967766529041715,-2.313313917360046,1.0
3.1604292903066833,-3.067064172350594,1.0
3.912711775153587,-2.9107586357058515,1.0
3.0592950706942235,-1.7050798662572093,1.0
3.62246483638222,-2.643295673202715,1.0
3.5045550184593455,-2.93925195300365,1.0
3.3991849423786715,-2.6143693908556878,1.0
3.688946952830865,-1.9980572013574789,1.0
3.914164286720014,-3.369310489300008,1.0
3.0209943717366032,-2.2222862611046335,1.0
2.595929737575323,-2.9929545125603174,1.0
2.969839107980352,-4.141772224753309,1.0
3.4177801026742363,-2.865167634144223,1.0
3.493795247721624,-1.993691684192152,1.0
3.083271134194729,-2.2361866753709623,1.0
2.86331981128089,-3.196874660536008,1.0
4.16145351247289,-2.535363062476138,1.0
3.109149440928699,-2.221735452790501,1.0
3.812746300307487,-1.9654369338460582,1.0
4.1256496764824835,-2.2332926651215,1.0
2.8435441840830036,-3.5192934286614967,1.0
3.263692173081854,-2.3759858948888333,1.0
4.781705485550257,-2.4977991301081115,1.0
4.5363258008898475,-2.511422794828466,1.0
4.85065682977913,-2.7037917504560447,1.0
3.325965565916438,-1.935705653508934,1.0
3.516559255819108,-3.2954493137806526,1.0
3.335682804117502,-1.4148195620971438,1.0
3.3582523187016724,-2.8667089486063366,1.0
3.2343498062404854,-2.4733816722564286,1.0
4.0129774820423645,-1.8549365548989967,1.0
4.495340127438835,-2.5202779968452864,1.0
3.6414585501911945,-1.3329838889639267,1.0
4.0518286553993805,-3.272063366864719,1.0
4.528431075425616,-1.8658745042139617,1.0
5.003116111375636,-2.23591489727115,1.0
3.725774951084516,-2.3819865313089448,1.0
3.9502983778776497,-3.002087832267638,1.0
3.5582807541007093,-2.727641121956609,1.0
3.406737784415798,-1.8056815007006204,1.0
4.590276515978071,-3.213715760828455,1.0
2.850045501262283,-2.5016602495268927,1.0
3.6832859177386226,-2.6417107217639244,1.0
3.4462825132844443,-2.9561481863073524,1.0
3.9965356470909192,-3.2937081129066836,1.0
2.7888301435920493,-3.6510142593767227,1.0
3.067752219388761,-2.598580199072183,1.0
3.0397287944206117,-3.4373518529540594,1.0
3.645404692331148,-3.4941854787532396,1.0
3.5078293285175848,-3.201843763631363,1.0
3.6461692541325235,-3.690201739869505,1.0
3.552502041820238,-3.4794412892384106,1.0
3.6137966742347696,-3.5359332327832282,1.0
3.1965363312985704,-3.325347570542834,1.0
3.503321387759845,-3.4274373153330133,1.0
2.360199620749839,-4.077734740092715,1.0
2.9489930710513286,-3.0369460627625933,1.0
3.3068986382296623,-3.473122229321067,1.0
3.14009497415893,-3.110869235247874,1.0
3.2480818230016073,-3.137361498664426,1.0
2.4255185611847345,-2.920493099645474,1.0
3.2546843546488895,-3.4362411011296135,1.0
2.5007858433455774,-3.1226599742328096,1.0
2.8234969771567853,-3.342122034941059,1.0
3.16327970993657,-3.9887418180141214,1.0
3.44572208378601,-3.315538168057929,1.0
3.3909307263800725,-3.0390179250609535,1.0
3.243344933925538,-2.9519346079352022,1.0
3.8944230187257047,-2.791593039881686,1.0
1.9564765970232503,-3.843243983846844,1.0
2.568456640645993,-2.6766197847525617,1.0
2.510009356048811,-3.4968935475919056,1.0
2.8211067512417363,-2.945837277082794,1.0
2.917897989311658,-2.664289989365966,1.0
3.1093860014828114,-2.9534933985151897,1.0
3.429421358029009,-3.0356649435427028,1.0
3.6962282439867664,-3.2275425228785743,1.0
2.9282999789393576,-2.9478113508448986,1.0
3.160587656985465,-3.26127264925764,1.0
3.6851525967090604,-2.7496457914299617,1.0
2.5136306864804445,-2.6918550794666385,1.0
2.7443920860936593,-3.9265702462332666,1.0
4.330575356278983,-3.069940122630906,1.0
3.302146201009181,-3.9669069150208878,1.0
3.1881590977913277,-3.715415182232682,1.0
4.261898282637178,-2.6924276404874226,1.0
4.701388349359333,-3.444645593565883,1.0
3.793735813941807,-3.3729087570006433,1.0
3.561150432708824,-2.4129652189950974,1.0
4.431376461459616,-2.524018669873844,1.0
2.886484193035212,-3.4320366142633296,1.0
3.3683163997095815,-2.714803213257463,1.0
3.41115548607538,-3.1809910075619463,1.0
3.7077983602965663,-2.8919113508180256,1.0
4.384865680473125,-2.510435083053081,1.0
3.4142888590216285,-2.8875860584721873,1.0
3.9559473617754786,-2.41427602008858,1.0
2.2813117595739776,-2.644804993482888,1.0
2.090955794936195,-3.0952046726218705,1.0
1.960227228773253,-3.051513320911404,1.0
3.3432477289438527,-3.0682026844718675,1.0
3.120565796404845,-2.5807796598873387,1.0
3.128813611916318,-2.927718368231851,1.0
4.53715452120042,-2.068415403902568,1.0
3.9316920921480194,-3.0527688368729518,1.0
2.914843964063476,-2.3164855958571144,1.0
3.4570946957933892,-3.315572627863779,1.0
2.77761174033121,-3.486271113347034,1.0
2.737691244730958,-4.09971865445408,1.0
3.380150959751065,-3.1429006188722997,1.0
2.6788289115493247,-2.74294326864016,1.0
2.714402426482992,-3.8224853158546117,1.0
2.950060713047064,-2.924086280365197,1.0
3.83918972755325,-3.1909652904657615,1.0
2.0777166703677388,-3.0195911766077432,1.0
1.644401877871096,-3.7494473540467093,1.0
1.3758781055492115,-2.737440909505878,1.0
1.8731515063367814,-2.814090727387022,1.0
2.7031527245654146,-3.3462120015057173,1.0
2.120973657681238,-3.0413706851762066,1.0
2.108782615394371,-3.1154351491194525,1.0
2.8592030516532754,-3.4009142692394145,1.0
2.915230157461786,-3.431010914071968,1.0
2.079885705626945,-2.4055884200562865,1.0
3.565250577360894,-2.7498632495031665,1.0
3.752838956906751,-2.3983130284053127,1.0
1.8625268559906905,-3.095011085664218,1.0
3.269986798351911,-2.8443172662397336,1.0
2.5155974974323216,-3.654438719756481,1.0
2.7495550664658257,-2.775598307158094,1.0
2.1427146842749427,-3.2369067078587457,1.0
2.2812337864324883,-2.9798241699442847,1.0
2.254605344298332,-2.6951719789741326,1.0
1.5558889928314785,-3.640777510835852,1.0
2.393830395734492,-2.805187834646084,1.0
2.7891640224101364,-3.5511327921399545,1.0
2.8987817978926516,-3.9308727838040465,1.0
2.222558110385903,-4.040746058669004,1.0
2.4450271753801602,-3.228054279934923,1.0
2.617611518127012,-3.718473337817124,1.0
2.613107336181151,-4.118853131377606,1.0
3.1276378681673203,-2.6906404178258456,1.0
2.7334750865972937,-2.8822885720563933,1.0
2.8420611044869535,-3.057946099531706,1.0
2.3274075126595966,-4.179230090308039,1.0
1.9303573729888899,-3.8902199892031883,1.0
2.7620591090729136,-3.0290324726190163,1.0
2.735942211779495,-3.228509147200759,1.0
1.9032733615023303,-2.5617196218829674,1.0
2.171349591379044,-3.171274593692528,1.0
3.809579756297296,-2.872344071595184,1.0
2.879360934088024,-3.055211690083518,1.0
2.4582208077594108,-3.7249547028097396,1.0
2.6038439653051966,-3.7824033463430715,1.0
1.864412078559224,-3.8348911513581925,1.0
2.8567620003663916,-3.105028742720705,1.0
1.8353508424807816,-3.81091972028219,1.0
2.58248220380159,-3.1453949373211314,1.0
2.5978316911931767,-2.940248511667957,1.0
2.2834139310037562,-1.9158458682876172,1.0
2.9295975175645452,-2.0427820117630917,1.0
2.3292955116655754,-3.6168062730292823,1.0
3.3339028646908395,-2.733232708643785,1.0
3.556836180546397,-2.0780502847806064,1.0
3.0984275055913093,-2.644481977376746,1.0
2.8868978054828207,-2.4494382947665514,1.0
4.07309294235492,-3.4347382821106303,1.0
3.2706912497686433,-2.6233445709396266,1.0
4.077507220974403,-3.093124906871412,1.0
3.264373217166544,-2.4486035352718734,1.0
3.078677392164506,-3.1186804517968794,1.0
4.213783958483706,-3.1948509132350016,1.0
2.534676824618408,-2.985434003680846,1.0
4.154493437472381,-2.31317020701086,1.0
4.350383164478159,-2.7910445720023005,1.0
3.6696356816511155,-3.571635080997322,1.0
2.8379430112867086,-3.227079126656097,1.0
3.3861977237389835,-2.6839614646050953,1.0
3.367599415202331,-2.2356608419349575,1.0
3.6835189609263073,-3.240106905233871,1.0
3.413924497546192,-2.9807021332977692,1.0
2.472341340377061,-2.9233789457415145,1.0
4.13587847263559,-3.72522486382896,1.0
4.431819993003141,-3.4489063287858155,1.0
4.350601206046654,-3.058937074582462,1.0
2.831834024768623,-3.8207607193734217,1.0
3.2435114733286743,-2.233947809934211,1.0
3.102994823980486,-2.4707540721041754,1.0
3.3146575362299813,-2.8792062032453183,1.0
3.522028321966491,-2.6768426022384335,1.0
3.759962095674679,-3.288939129523632,1.0
3.5707593785815446,-3.030837098217113,1.0
4.1032555831315,-2.1309229563972663,1.0
3.6597194817449257,-3.20586509491649,1.0
4.125871903140801,-2.1851295833797937,1.0
3.327520656461306,-2.4076525899390755,1.0
3.6303973467460944,-2.5092217674238615,1.0
4.153477329271627,-2.3758021499521247,1.0
3.0991548709309984,-2.767766146635938,1.0
3.095498246777713,-2.7071934336625967,1.0
4.851825862852686,-2.106762372923557,1.0
3.1598292130386127,-3.0602345497805024,1.0
3.9606511339804378,-2.316711991549071,1.0
3.97151058067267,-2.8913177090352846,1.0
3.7480773699400367,-3.0459257014290886,1.0
3.474178777054959,-2.6705333484676985,1.0
3.970537815287745,-2.545077554487066,1.0
3.5239765923905875,-2.5840443809508065,1.0
3.8636228006085513,-2.294420106317028,1.0
3.7628985220003055,-1.9342527527368454,1.0
3.579457144258967,-2.147799469630347,1.0
4.982527972459082,-2.010601306801735,1.0
4.134494228823803,-2.428806484503594,1.0
3.6818685365824395,-2.7186088456421063,1.0
3.431260588806661,-2.843192633147097,1.0
3.1846734743733403,-2.3909627726042006,1.0
3.6250329248588216,-3.4659372770323404,1.0
3.5230724548707255,-2.718020935273502,1.0
2.6956425673999336,-2.3006848951498324,1.0
2.812929232929837,-2.8825538155047634,1.0
2.8997721573643966,-3.0596383252547987,1.0
3.637608736099638,-3.1153739658959076,1.0
3.1775134573183226,-3.414488092785826,1.0
3.1856873980893665,-3.580095465229058,1.0
3.617020129929636,-2.3574303234426743,1.0
4.045772358334407,-3.322040571403245,1.0
2.8980998657477484,-3.353985934737014,1.0
3.1454527164312083,-2.3772328804684,1.0
2.725622144109237,-2.950687367722738,1.0
4.519762980503245,-3.2863833435999896,1.0
3.4010006496860163,-2.511050360697224,1.0
3.2536890205825792,-3.508009650037345,1.0
3.530173952467067,-2.973904348804026,1.0
2.7657450100052707,-3.2463182964248687,1.0
4.170712611016476,-2.3526240267831704,1.0
3.9127997658406346,-3.8573572618180454,1.0
2.7447729344968095,-2.4159199483172324,1.0
3.983964849955719,-3.103526144573952,1.0
3.027958255481336,-3.2978141201883773,1.0
3.2496787298586516,-2.9787519510315588,1.0
4.991401691416957,-3.5526886090048047,1.0
3.444012876730074,-2.876986417491889,1.0
2.933284250436361,-2.293612343710997,1.0
2.5895911443518824,-3.5137322481110345,1.0
3.2228502039174254,-3.4921959077777944,1.0
3.840478398419909,-2.841325421194,1.0
2.170192712952008,-2.6198038161782757,1.0
1.799710646307236,-2.9581925794339536,1.0
2.6479141985241985,-3.417472747100702,1.0
2.563452881534366,-3.109743567611796,1.0
1.8161294303476154,-3.395187024879832,1.0
3.3280281378064394,-3.6476722933037258,1.0
2.8354840975273445,-3.136100912445759,1.0
3.4815844900959982,-2.8724529766512483,1.0
2.251167398125351,-3.8807913993759477,1.0
2.985567441989139,-3.054275586694973,1.0
2.664993794250951,-2.554562569883948,1.0
2.4224073684128595,-3.2256213568304037,1.0
2.1150262297844127,-2.927671245972294,1.0
1.2354826813029174,-3.337177016407216,1.0
1.5428275243074432,-3.0044567550291816,1.0
2.460076501838216,-2.5205434571110215,1.0
2.764968706754571,-2.293887823008994,1.0
2.1421056461750796,-2.3718006019373945,1.0
3.1321488743567207,-3.4527056012181827,1.0
2.2507048098523352,-2.4922211580374065,1.0
2.6333975534748055,-2.85797835449336,1.0
3.610151137183859,-2.42346427301054,1.0
2.415831364562813,-2.8487499170699446,1.0
2.681147863580618,-2.6729856213761947,1.0
2.5508389534545213,-2.5958288603406667,1.0
3.348485705749583,-3.0077023681786668,1.0
1.610428495375349,-3.607420783602758,1.0
2.5231847032522814,-3.28178396125668,1.0
2.550460229911642,-2.2707568757774506,1.0
3.1567708488599373,-2.7542224694171953,1.0
2.323259620986152,-2.4377215180922946,1.0
2.992207253355944,-1.9745015145910896,1.0
4.2367026485112955,-2.1334306683486037,1.0
4.371728622165625,-1.4437353993890796,1.0
3.4656289499277846,-1.584079619099867,1.0
3.951182144912704,-1.156310300333912,1.0
4.017577909496007,-1.5917486339193214,1.0
4.025894664084129,-1.3735662654516965,1.0
3.2168277912465046,-1.3532336945769396,1.0
4.690597202465799,-1.2093913902495899,1.0
4.203580935898623,-0.6248657189090961,1.0
4.563201905789592,-1.045609102749328,1.0
3.919848485875935,-1.1699306781473293,1.0
3.736448713078735,-1.7571860164563629,1.0
5.721293506298147,-1.2618201751399345,1.0
4.999066082593169,-0.21158158102625602,1.0
4.526149651404868,-2.8588813588392994,1.0
2.8893924187597375,-2.137754000769403,1.0
3.292892741005519,-2.963712017169275,1.0
3.0796964522976498,-3.1981484510623437,1.0
3.779199614206988,-3.0786322573045717,1.0
4.28092278068487,-3.399180781967123,1.0
2.5751460401996527,-3.1583506301885733,1.0
2.544801166152568,-2.7048579989089787,1.0
3.3683600104528932,-3.238989503987718,1.0
2.577439464387185,-2.3048411347486195,1.0
3.3299181555794513,-2.5299836399636173,1.0
3.66664762055088,-2.3786561770719845,1.0
3.658609361373628,-3.141626811762491,1.0
4.537413704485845,-3.2860122937812997,1.0
3.790648346915111,-3.9595820271507165,1.0
1.8599146289219741,-0.7675233047414741,1.0
3.164981271547024,-2.1611162820990093,1.0
4.254855399212898,-3.446631058072631,1.0
3.932427069532499,-3.4022979939566205,1.0
3.6425735455218047,-3.50684563777671,1.0
4.223707433186128,-2.6167669833120284,1.0
4.216724352506361,-1.4103886567542707,1.0
3.474678256438123,-2.504687100151626,1.0
3.887433417097471,-3.0599248691609704,1.0
2.2831412251911845,-2.459414876907618,1.0
4.349699372388326,-2.5397868319622985,1.0
3.1198350376408106,-2.4995061904984213,1.0
2.994387071847292,-3.4244734347996793,1.0
3.069649418038098,-2.391200401238253,1.0
3.7154410945457075,-1.961964803929708,1.0
5.104495028514463,-2.787206983351884,1.0
4.011197632465319,-3.193343833606602,1.0
4.655116150309162,-2.831128400249288,1.0
5.468841205568442,-2.220861210126443,1.0
4.155869487564833,-1.8927237285032217,1.0
4.232698692980389,-2.0992537235967057,1.0
3.5248337835067427,-2.284216595873548,1.0
2.9082882883404677,-3.19216555790653,1.0
2.616466945020605,-3.2238213744468105,1.0
4.121345742911416,-3.270168048049392,1.0
3.96400657357356,-2.102765515132898,1.0
3.606996848017678,-3.356464861619472,1.0
3.2357211763303657,-2.746321495835782,1.0
2.9600422293163464,-2.697095428104846,1.0
3.1026100010852082,-2.5216825277445087,1.0
3.443831998151146,-2.59910595446237,1.0
3.6215351500937647,-2.7150166006166288,1.0
2.470839530874285,-2.8574452870168456,1.0
3.403877340127668,-2.7204001274457292,1.0
2.7518150702838953,-2.786946242006653,1.0
5.155746417395043,-2.4208795300409243,1.0
2.8287622137440582,-3.310531422302998,1.0
4.378469465553814,-2.377169305845732,1.0
3.888263069557831,-3.1528686490655358,1.0
3.9174136598266553,-2.6905704989265637,1.0
3.270948495007095,-2.049716633683662,1.0
4.589504401762621,-2.217983568600706,1.0
3.8063042200400035,-1.9295894795860529,1.0
3.986789905843784,-3.0426735391833777,1.0
3.0994381320814255,-2.4853403267367606,1.0
2.8638627872522107,-3.4865088796305272,1.0
3.4153258212831368,-2.679609986683001,1.0
2.8586092963128236,-2.2788730519135414,1.0
4.043478116803985,-3.2968304264533628,1.0
3.0634222025193485,-3.031142547039085,1.0
3.4177587371756566,-3.1472848996272944,1.0
2.619072307704615,-3.184281799754166,1.0
3.6737399915006095,-1.9921789097141018,1.0
3.130936391292545,-2.523169775048534,1.0
2.902340619912667,-2.6253298538736787,1.0
3.8702150700334177,-2.6563999450368336,1.0
4.1667155244458165,-3.4222443019039526,1.0
4.667063959355861,-2.0591990782181857,1.0
2.817344152971489,-4.017624910470548,1.0
3.5621872253366567,-2.9549208251359187,1.0
4.127514073832716,-2.5520038198558295,1.0
2.8923375750337987,-2.8780783867050106,1.0
3.5976082976300647,-2.699639008667882,1.0
2.549830425746792,-3.281360758291637,1.0
3.789070920677349,-2.0009966778976267,1.0
4.630816086070897,-3.2124642528650362,1.0
4.315237908937872,-2.490640736113139,1.0
3.457966755357656,-2.687617373674374,1.0
3.6906728277540677,-2.184687435103748,1.0
4.382416369503906,-1.8502520034672918,1.0
3.701762945328821,-3.1445919131210953,1.0
3.5946003453364694,-1.9461239051473176,1.0
2.921925260755497,-3.1158441841187714,1.0
4.059182138159106,-3.698162372524762,1.0
3.613026569723487,-2.837187309975506,1.0
2.724954337029096,-2.4989905121681413,1.0
2.7907485979395217,-2.5015119566507376,1.0
3.8445657539055347,-2.6606796031147195,1.0
4.000953578659765,-2.4248286267966708,1.0
3.384211044861335,-3.009505125279968,1.0
3.374902842469073,-2.157763822045601,1.0
3.3879150487734204,-2.2230505472074156,1.0
2.7238746976223824,-2.9895518277492483,1.0
3.107532755401023,-2.683519213024493,1.0
3.144878340313966,-2.9602770259215925,1.0
2.9618110136020843,-1.664114780341982,1.0
2.522398382901769,-2.4428845473503795,1.0
2.5531035309002306,-3.6745984900880635,1.0
2.4311789347027033,-2.4599340123099593,1.0
3.4655794613567914,-2.528965079039993,1.0
2.953082541891706,-2.0132303629606527,1.0
3.5944526677106534,-2.4707162552795374,1.0
3.1161089139497773,-2.568576386769942,1.0
3.3756182494125317,-2.781886009471439,1.0
3.7654795026807006,-2.651141566028513,1.0
2.6914791057225393,-2.8478866012998365,1.0
3.733694359051363,-3.3920536267190635,1.0
2.884591701300593,-2.6146687044167636,1.0
5.024178686969984,-2.808839014837206,1.0
3.7184092065889147,-3.057496933971379,1.0
3.3375597092936045,-2.801442520872344,1.0
3.2235276137523137,-2.584691893992052,1.0
3.2245987203868802,-3.0069085780886113,1.0
2.5863401166343896,-2.181043171568081,1.0
2.7279856661072754,-3.4315961287622954,1.0
3.905999862239983,-1.613153206053574,1.0
3.8533432913930215,-2.5269292632442215,1.0
4.38072620546582,-1.982717068969191,1.0
3.4264564488501343,-2.268574980168572,1.0
4.178806757378172,-2.343662043206048,1.0
3.566334253110055,-1.1910950901966262,1.0
4.007432539934879,-3.4807964735303947,1.0
3.7481760435065934,-2.6260679946242567,1.0
2.9765628575848697,-2.8930156956747903,1.0
3.7036453360542505,-2.721161361569441,1.0
3.5233079617967538,-2.915183373345805,1.0
2.9540674722741023,-3.282162344140973,1.0
3.9862994118884725,-3.765115550912456,1.0
3.5030075369862677,-2.9929579387759797,1.0
2.0260974959825315,-2.717007118449986,1.0
3.5662738133363723,-3.1559809101206246,1.0
3.152366975982799,-3.0798114123896143,1.0
3.0464941542561172,-3.0391148897067484,1.0
2.742856889892569,-2.2779144276369347,1.0
2.727184776719426,-2.8113182980028117,1.0
1.8741869760082241,-2.1064172467278053,1.0
2.994020800389029,-2.8834917014411365,1.0
3.5850796905416886,-2.2856394522061105,1.0
2.3353298674315957,-3.4214177408657744,1.0
3.218931498864482,-3.5846779434837277,1.0
3.88945965292513,-2.8477142158257607,1.0
2.8200427340739584,-3.1905508490671797,1.0
3.252575340459657,-2.8989087721479425,1.0
2.87182775320254,-3.1032312871519587,1.0
3.8719606378873626,-2.598437635945969,1.0
3.7436336673672526,-3.1672741556992907,1.0
4.482313719997197,-2.4052866371082673,1.0
3.9471992319494857,-2.222272133775758,1.0
2.4799578756659324,-2.403482371479023,1.0
2.9424551814991604,-3.012794220144395,1.0
3.5699191332337437,-2.492100930749153,1.0
3.3316101027810086,-2.859340100154482,1.0
3.319417182472148,-2.856948209379583,1.0
3.1440420608869144,-2.017433779303825,1.0
3.4291207795441387,-2.8649836756369322,1.0
3.6838755854826,-2.103012853030609,1.0
2.9531872937898727,-2.14821663455306,1.0
3.3247186215934352,-3.7417715199770516,1.0
3.1922774977683352,-3.3539437620852346,1.0
3.19928497977751,-2.9722451287289795,1.0
3.273682421605427,-2.2672098719939107,1.0
2.9730466783721883,-2.376320190694185,1.0
3.0625013123818907,-3.000339391077947,1.0
3.1522534515808243,-2.7311400716304033,1.0
3.506758967444708,-3.0274955624666156,1.0
2.6475089142584296,-3.4139757523413623,1.0
3.627915699083015,-2.9842424923195536,1.0
2.901607950696689,-2.753075897130522,1.0
2.796128037792566,-3.022510036207052,1.0
1.6648206978572901,-2.8049629028590273,1.0
3.1755844028408307,-3.0010255658673053,1.0
3.8156004700966313,-1.9806308979969613,1.0
2.8875196319175043,-2.6051685802142193,1.0
2.452001125058312,-2.7005810920929707,1.0
2.8096824325230814,-2.8918067646603176,1.0
2.3213191294356377,-3.2134387542574125,1.0
2.1161915764142285,-3.5808688567456066,1.0
2.7414191065443614,-3.617271756840378,1.0
2.5623496917881226,-3.0920752184814293,1.0
2.432099084185292,-2.9932332539372526,1.0
3.709397444239365,-2.7218631960442505,1.0
2.7859866967786697,-3.5343008538054437,1.0
1.860497849000888,-2.4331528098389805,1.0
2.9899762555994474,-3.0284379911155264,1.0
3.60153908029249,-2.8937102542131043,1.0
3.1273781974524217,-2.874697929155936,1.0
2.312734146469533,-3.0983841663269676,1.0
3.964118042382963,-2.4049647372539935,1.0
4.438429753592554,-2.763305881437367,1.0
4.367360910770632,-2.99873867905339,1.0
3.623208536933784,-3.8391189272430646,1.0
3.1934955508919747,-3.2696456239319516,1.0
3.863491618352908,-3.023971161756646,1.0
3.9012661728105247,-3.1245971772463452,1.0
2.5054150895742264,-2.488013149329304,1.0
3.4332590704353625,-3.4040476445888874,1.0
2.8217522126822825,-4.19612332745069,1.0
3.262678095017206,-3.139169909722558,1.0
2.826632086325496,-3.3811022992872686,1.0
2.8614863064181164,-2.8012057757062236,1.0
2.504240321335792,-2.629096480290086,1.0
2.6182338571112376,-3.857096480957753,1.0
2.80639743924967,-2.0732898394325225,1.0
3.8331156262500556,-1.8605261082135218,1.0
3.408171780151361,-1.801076259532237,1.0
4.297870142452134,-2.6975849594334873,1.0
3.222951686220256,-2.935994741186955,1.0
3.5342953523511493,-2.2065977740552256,1.0
3.052464137471296,-2.6572871755324887,1.0
2.9063128160544527,-2.155736341854467,1.0
1.962476453752983,-2.2682971988952727,1.0
4.501328942998142,-1.9677834475243663,1.0
3.0891161497933477,-2.585668513813459,1.0
2.697515346137884,-3.217119693810819,1.0
4.169701188735576,-2.8999980080775325,1.0
3.4898803112487125,-3.165098640085888,1.0
3.246422915146665,-3.233849174963002,1.0
4.157857673383566,-3.1437147715681975,1.0
4.570965433850541,-2.0900621257762615,1.0
5.661879846352357,-1.918769808783307,1.0
4.386167398781904,-2.6358766965855835,1.0
4.049981819901048,-3.1996979212854146,1.0
3.9965898384491085,-2.406359384776021,1.0
3.0690741157126973,-2.5784048540776165,1.0
3.033297768856919,-1.2008964045086539,1.0
4.304732436747523,-2.433002362889532,1.0
3.482041988940954,-1.9928373448328656,1.0
3.35465077578019,-2.380813747187888,1.0
4.0431026891091735,-2.2509181427137173,1.0
4.59972043147126,-2.9626366801352946,1.0
3.8534773722390563,-2.6604738179763725,1.0
3.4023696304095754,-2.8384685307088917,1.0
4.76128745713667,-1.715572521398071,1.0
2.6273456739277106,-3.7730752628456354,1.0
2.624742059841949,-3.521276667697803,1.0
3.48986705089233,-2.1317317022530937,1.0
3.863986592003281,-2.574721068144127,1.0
5.613276444574653,-3.039089292681766,1.0
4.578228736050163,-2.636124275905273,1.0
3.7058277819350582,-2.8919934262677662,1.0
3.686854000917811,-2.8710399807856657,1.0
3.228616323036211,-3.797588231645923,1.0
4.009053132170995,-2.5666807755880674,1.0
3.0446359269182515,-1.7361006772065686,1.0
3.4042661890136654,-3.0266184371695464,1.0
2.7283753977515883,-3.0129857646092097,1.0
2.2949158320562355,-2.789212526587564,1.0
4.43378597418218,-2.5402511536833607,1.0
3.4513262069910553,-3.745575374752725,1.0
2.2953128239950913,-2.9041521932495247,1.0
2.9488951402663233,-3.361156475639708,1.0
3.0412968995454586,-2.055570259356835,1.0
3.8884311042678537,-3.059772320068173,1.0
3.199416835417509,-3.197621751612394,1.0
2.2973129064846587,-2.9768581259160514,1.0
2.1472727155381786,-3.1541620464984184,1.0
2.0513871390646266,-3.38077585110362,1.0
3.5527657725800625,-3.303016676954988,1.0
2.7343585627709346,-4.609652865178224,1.0
3.5000182129291515,-3.9896484764763356,1.0
2.3788005980111095,-3.648386278904289,1.0
2.8862998466375354,-2.9820495801681,1.0
3.5004555151001338,-3.1558169896257526,1.0
4.3096146953219785,-2.9507018402231373,1.0
3.291670276241156,-3.220967558384394,1.0
3.333318089842088,-3.5999124493160313,1.0
3.3987215920695557,-2.2859394016995895,1.0
3.539520831940509,-2.7351556337351215,1.0
3.3367944913242664,-2.619606942281349,1.0
2.465785746118713,-3.283610881242863,1.0
1.7455826254555926,-3.0017329095679566,1.0
2.4269576542322375,-2.6973242955078356,1.0
2.613705527801598,-2.3108252059483525,1.0
2.7435126327829154,-2.948433049002697,1.0
2.804213317200229,-2.9467106956365026,1.0
1.6404930756219385,-2.9196317674961265,1.0
2.2407271834543754,-2.9242167614072514,1.0
2.5301651154311746,-3.65841417846582,1.0
2.71593266114387,-3.1645455961065174,1.0
3.2263731793933546,-2.7344701809263308,1.0
3.525057039369225,-2.5566602218931016,1.0
2.577279603817876,-3.145821373524328,1.0
2.9281752658784463,-3.3709611008452076,1.0
3.2305718203383096,-3.234192871044729,1.0
2.586398125504423,-3.8023086443579195,1.0
2.504328760886562,-2.7756583397033534,1.0
2.422380055047384,-3.0930534093296704,1.0
2.8342378651563735,-3.0746634328164055,1.0
2.8970053186526847,-3.8616747373301963,1.0
3.339534835526615,-3.947280121685245,1.0
1.8505540310964477,-2.940125591410963,1.0
3.320439634719897,-3.181689367027843,1.0
2.7059891059880066,-3.575131535287355,1.0
3.5238390191628968,-4.091119225791452,1.0
2.8522609379961485,-3.34760954881697,1.0
3.5022380886957696,-3.765692457630245,1.0
2.253380695785545,-3.1229195457053516,1.0
2.036597111808222,-3.8985681253821305,1.0
2.8421339322366665,-4.026648055396262,1.0
3.4468344969334055,-3.200615827707768,1.0
2.741739797456894,-2.609281301025707,1.0
2.526490715880982,-3.3840276465942942,1.0
2.7621185378455566,-3.143670698509262,1.0
2.453811109282222,-2.8982922395138337,1.0
2.5198643123114417,-3.1994426322401934,1.0
2.535961090210483,-2.8337363824200406,1.0
2.5100399892172005,-3.1912874598348817,1.0
3.2095405709540796,-3.6720911331093937,1.0
2.885740768930036,-2.753253010064555,1.0
3.0339799695118295,-3.1308635117476458,1.0
4.246330538273163,-3.2248834734063525,1.0
3.198814288221271,-3.2221153389814443,1.0
3.4958822009955988,-3.48572978111846,1.0
3.1565655310626006,-2.8867532736810246,1.0
3.521110087418775,-2.3258835144932473,1.0
3.6064645109848765,-2.8840842595269125,1.0
2.416241186436335,-3.371835115879981,1.0
3.499718424717067,-3.4693217461032964,1.0
2.5900180774922164,-3.2985788695363443,1.0
4.119319130236728,-2.357572797261167,1.0
2.229596520393293,-2.849199613613696,1.0
3.2502854216288273,-2.76187612275204,1.0
3.392408339999553,-2.6604807232124044,1.0
3.0799344911038635,-2.388553970657062,1.0
2.8085492008001136,-3.417727577805631,1.0
2.9865661846401017,-3.121828258945917,1.0
2.9040989262448322,-3.037334345494019,1.0
3.7594732282956946,-2.642294497683394,1.0
3.5480309957947287,-3.593623172889415,1.0
3.5416534210940642,-2.893943924893953,1.0
4.048827502900786,-2.961362859678115,1.0
4.3064070027793155,-3.224260509039052,1.0
4.365034584237893,-2.251938882747193,1.0
3.8026633569778956,-2.380401076079067,1.0
4.121512905872257,-2.8185250774100346,1.0
3.602961528302228,-2.6705516669826963,1.0
4.697038850173789,-1.7676245553761014,1.0
2.9989929996916516,-3.33480853461019,1.0
3.866432922083159,-3.4002986420988153,1.0
4.644107614237533,-2.8718998530273074,1.0
4.926597564799724,-2.9526072547619746,1.0
3.8635868490157486,-2.750209014842101,1.0
3.102405828391009,-3.49805778949496,1.0
2.8922351749599784,-2.611619579911842,1.0
3.801534933311355,-2.1008441353277685,1.0
4.043264569244262,-3.1763959024647197,1.0
4.2210248364380085,-2.667417561934875,1.0
4.627212274824377,-2.868047146075153,1.0
2.8997387940186425,-3.2003346372351085,1.0
3.695013605807899,-2.856860549764461,1.0
3.6148619593232754,-3.1470266296906013,1.0
2.2150255947159,-1.4396755419614102,1.0
3.382229677566274,-2.931670123877979,1.0
3.55522588253088,-2.8873826389818564,1.0
3.18522188526994,-2.654263482452968,1.0
2.35737635660883,-2.6750803652614024,1.0
2.7430074688022557,-2.4245108517286416,1.0
3.861049371697294,-1.9270556592725825,1.0
4.096757755695745,-2.9540231969313986,1.0
4.539582048584341,-1.8339106691546563,1.0
2.572997377124652,-2.6889074861728837,1.0
3.1447253985547468,-2.9169000038594164,1.0
4.754334868537446,-1.7333501976554997,1.0
4.639117723355371,-1.9875331716058906,1.0
4.460238558088435,-2.396305720157755,1.0
3.8706110493144537,-1.519596062468372,1.0
4.975869901907448,-2.857022374073703,1.0
5.6538741428234065,-2.6618398981401503,1.0
3.9052025569323194,-1.8653051755249126,1.0
2.868972070814811,-2.148431391940563,1.0
2.679149879144427,-3.204022976807175,1.0
4.212885494880094,-2.731685253323452,1.0
-8.329418560987074,-0.2527633621951833,2.0
-8.015903250054167,0.6783137297965287,2.0
-7.720776094868734,0.48326627557363444,2.0
-6.861438389883125,0.45518874493514616,2.0
-7.3223910974206134,0.32109278392827506,2.0
-7.501347943758453,0.3176511418593283,2.0
-5.667862868623854,0.10043857679502609,2.0
-6.537788972092667,-0.03787638479258995,2.0
-6.425240399308473,-0.5267474841393504,2.0
-7.1147941052139485,0.3918450062897987,2.0
-6.497442465861096,0.09540676652492716,2.0
-7.107079981446163,-0.35912114132765455,2.0
-6.6686478510693545,0.3612068026861387,2.0
-7.3718729933421265,-0.2721683798950632,2.0
-5.787336910919907,0.6036330820611187,2.0
-7.405524869276862,-0.2616219418487332,2.0
-7.310428949683319,0.025278253320629766,2.0
-7.684355253563624,0.31349726766249925,2.0
-7.427895647307241,-0.21521808030684292,2.0
-7.766647665237147,-0.10019489189661453,2.0
-7.7404811507668345,0.1253373654630495,2.0
-7.883331672925614,0.24736870272218456,2.0
-7.165195312312941,0.2500869983675883,2.0
-8.196682366959053,0.2500398040284165,2.0
-6.76029248900241,-0.20745554520577936,2.0
-7.196139409251762,0.6725516681892553,2.0
-6.895972745871624,-0.055011613783773776,2.0
-7.573315980838114,-0.13164006116800472,2.0
-8.094553925045497,0.09831550204419168,2.0
-7.646413148478584,0.25398917156581857,2.0
-7.910320529733477,0.09576907787313314,2.0
-8.263614750548824,-0.07513730717083952,2.0
-7.174993528146298,0.5335374969230358,2.0
-6.741838651930527,0.03604753645862056,2.0
-6.923691835080694,0.5183851303595749,2.0
-8.376291245060328,-0.9695314280835831,2.0
-6.858981262042948,-0.06573628117360976,2.0
-7.27634867431413,0.5314656249845707,2.0
-7.2327595750761295,0.07268717694151902,2.0
-6.9293111072498315,-0.17570589478116885,2.0
-6.883826631971966,-0.04334499205043988,2.0
-7.726770427819013,0.19844090421920668,2.0
-7.542842435063841,-0.000352147498758271,2.0
-7.352370957328227,0.13101657369559316,2.0
-7.768066695008642,-0.001770559706981506,2.0
-7.029906368030222,-1.0562911476641774,2.0
-6.576947665209917,0.18977222421749265,2.0
-7.35820374710504,-0.24630050107746795,2.0
-6.672922520201927,-0.2465944185779688,2.0
-6.468544725110214,-0.544531414422924,2.0
-7.687152523764575,-0.15722324556707226,2.0
-7.383584359775499,0.45661476906691223,2.0
-6.73703583710242,-0.16508854193973874,2.0
-6.589449690296146,0.19765999145422156,2.0
-6.916562131498143,0.20948315600350492,2.0
-7.193483729808692,-0.04007129445795582,2.0
-7.96952909830991,-0.2192304518388112,2.0
-6.877970560973955,-0.7954782752171271,2.0
-6.9307908530362,-0.7893634110472004,2.0
-6.553421462951802,-0.1578902800909108,2.0
-7.2731033815049315,-0.10804588313815089,2.0
-6.921632254786752,-0.49586404977766657,2.0
-7.770049037144654,-1.1915706388555676,2.0
-8.104020640271933,-0.5979498169081512,2.0
-8.297309709879855,-0.8277203383341654,2.0
-8.582208300589556,-0.7159859330239036,2.0
-8.452839599458132,0.4812647565525274,2.0
-8.934758327973677,-0.17597412335907434,2.0
-7.866231922721911,0.03773336184692611,2.0
-7.977124159769173,0.6650997191208758,2.0
-8.33562366677964,-0.45914378743682316,2.0
-7.772864460521694,-0.4755864199268897,2.0
-8.184081515910455,0.24600438296659713,2.0
-7.76600483685994,0.07370082980755557,2.0
-7.7557187187194065,0.7362209349271375,2.0
-7.030926106150021,-0.49093954475076623,2.0
-6.0107673564488,0.9035014990574846,2.0
-6.289299318149261,0.7396020414500566,2.0
-5.4213546452375025,0.09130381209783053,2.0
-6.559587339372087,-0.12861017728294794,2.0
-6.779087192829606,0.000577762605485533,2.0
-5.194441949498972,1.001550643639353,2.0
-6.108007435602269,0.06722375273419773,2.0
-6.35328171852263,0.7171304547195133,2.0
-5.803864923395916,-0.16768369864690943,2.0
-6.377895696963392,0.36954413846739054,2.0
-6.879478643888196,0.28868237849844197,2.0
-7.032273684064678,0.19713588478482266,2.0
-6.426626099019313,0.5261369161379612,2.0
-6.404978755952845,0.6275890637242248,2.0
-5.997767921315582,0.33202932200622987,2.0
-6.96795220976978,0.6236607071640332,2.0
-6.284166077520687,0.29681214468257355,2.0
-5.517099938472822,0.5616734438418161,2.0
-6.471290606903927,1.0117879618052084,2.0
-6.069468340790396,0.42143657727750017,2.0
-6.463210647588445,0.7840950263155417,2.0
-5.630812669312211,0.49356611089217794,2.0
-5.6938013299340176,0.2436286412501031,2.0
-5.280310181088625,-0.37925233429802246,2.0
-5.629403460122951,0.2813521554488536,2.0
-6.06415571993841,-0.6852741446990567,2.0
-5.553977422316881,0.9421747055861628,2.0
-6.054277571298243,0.8712066563522131,2.0
-5.595299312341996,0.2216301810664933,2.0
-6.1105004424198,-0.003415776870838409,2.0
-6.658059096533047,0.6359208311676174,2.0
-5.67121750694114,0.15359343991909657,2.0
-6.1280706923084125,0.6723077482613308,2.0
-5.782027108235569,0.7378480366940439,2.0
-5.829331049965718,0.0731882204787688,2.0
-6.214224113301767,0.7322735121072497,2.0
-5.884716354094883,-0.3218432996189337,2.0
-6.483274861101987,0.5223303642748529,2.0
-6.023714693782485,0.10202546106597066,2.0
-6.609290550709274,-0.044064969292105925,2.0
-6.771794086149734,0.347069662943543,2.0
-5.770141859079813,0.5184964242742968,2.0
-5.628789110574764,1.158003111309331,2.0
-5.593127167894723,0.2551267938701316,2.0
-6.239653792295046,0.3507258687404784,2.0
-5.488408852533551,-0.3709667482518638,2.0
-5.768409781222245,0.21698397247276163,2.0
-6.743211766848631,0.6909203889566055,2.0
-5.378641102406443,0.41239720109788397,2.0
-7.579146752726891,-0.8096726457799258,2.0
-7.204604161022407,-0.7492374802626022,2.0
-7.968995417600218,-0.054950337232021244,2.0
-7.62340721124779,-0.2381175270591793,2.0
-7.33248023652369,-1.1758068824036514,2.0
-8.472180252801946,-0.4814975111071746,2.0
-8.772293350351616,0.2825061745410288,2.0
-8.09179811864443,-0.21913669412957126,2.0
-8.105011090402835,-0.7853395102091044,2.0
-8.354016846637894,-0.22664568306255828,2.0
-8.720167812879534,1.041941443574296,2.0
-8.323160109541252,0.26771475260652505,2.0
-8.774238572424112,0.7877611035777035,2.0
-8.462145933733641,0.34676609447806467,2.0
-8.268004066686949,-0.1130278002176973,2.0
-8.631098109895133,0.1249750240668639,2.0
-8.439325389665566,0.3803102899793814,2.0
-7.413396991369585,1.0482059881107078,2.0
-7.500381731509067,0.11760300811708967,2.0
-8.39692872570912,-0.011281267128590712,2.0
-7.976044767417482,0.4104873253922424,2.0
-7.993456466657099,0.6710158582469048,2.0
-8.54432636953478,-0.2626856010095697,2.0
-7.890104079457247,-0.7230166701381937,2.0
-8.144063604359157,0.0696748868225352,2.0
-7.752534560918242,0.020178111645283565,2.0
-8.633663598350356,0.24489843769453654,2.0
-7.936329415885898,0.14965745576692688,2.0
-8.591966147096917,0.7598500545797185,2.0
-7.64403952455755,-0.07029049092008673,2.0
-7.276759363941716,0.5370106350963433,2.0
-7.58055193860119,0.8707999291464478,2.0
-6.7509477098434845,0.8187156784177347,2.0
-7.112577605654098,0.9287894770951914,2.0
-6.707444667450923,0.5609482288716446,2.0
-7.374784004774732,1.1628290789742846,2.0
-7.374415855983263,1.1813828507903317,2.0
-7.339473789661254,0.8402689131931672,2.0
-7.67978487662481,0.7738690739491817,2.0
-7.11659430829816,0.6562164699898115,2.0
-7.523419912118843,0.257448694007059,2.0
-7.192378861758523,0.48247454714376636,2.0
-7.4712124745106605,0.684878993515207,2.0
-8.2898054866811,0.6438570978442522,2.0
-7.498210303010606,0.7320238398435401,2.0
-8.083054995560794,0.2994911140644371,2.0
-7.427585798468599,0.8181215189093192,2.0
-8.007808905159076,0.17034013117956479,2.0
-6.68509659901727,1.8368592842765505,2.0
-6.670741228305124,0.9848470263089658,2.0
-6.4908254605587095,0.7465982490347284,2.0
-6.52839703890364,1.2364040804288323,2.0
-7.879245629464972,1.1614829430933693,2.0
-7.770903246829781,1.64258197957548,2.0
-6.7582369199536965,1.2632923540533307,2.0
-6.1323239384172945,0.5092784370248309,2.0
-7.768616079224285,0.559268981011044,2.0
-7.553461227583583,0.6774113135339608,2.0
-6.504005499187257,1.1107464392797455,2.0
-7.0783108018825525,1.0021506668538531,2.0
-6.499918356756385,0.361568424051789,2.0
-7.117565915163496,0.9479581881286187,2.0
-6.896549777419275,1.3513550719723657,2.0
-7.519318381205861,-0.5939275518394804,2.0
-7.369425371212318,-0.0957399783917027,2.0
-6.9950674168103655,-0.07449666606344688,2.0
-7.25993248077452,-0.14835675877240287,2.0
-7.2010636810536095,-0.24577484796688184,2.0
-7.646882722960106,0.12935906665546892,2.0
-6.888009439779681,0.6513438123821468,2.0
-7.290589556120153,-0.028756730587695217,2.0
-7.119098958610917,0.8374102287562902,2.0
-8.069475658500874,0.030985267651760465,2.0
-6.503285260920846,-0.03912775082052192,2.0
-6.63924746956785,-0.08698188847695676,2.0
-7.342898081883936,-0.33706501987449417,2.0
-6.562747279749163,-0.2985816827768722,2.0
-6.628656465979242,0.2795109380755638,2.0
-6.239450055213217,0.6524998219381103,2.0
-6.317360564323159,-0.47191574152365967,2.0
-6.937315226844689,-0.1663371710180671,2.0
-7.1151637062440205,0.6063898031617821,2.0
-6.955924350934857,-0.20957979882555902,2.0
-6.442829401194387,0.5165299320772768,2.0
-6.689991071860929,0.3652732254313497,2.0
-6.390545649530712,0.05192300597441376,2.0
-6.428626385334365,0.7076309936737476,2.0
-6.4337391741330565,0.20026910553452382,2.0
-6.895996481929725,-0.10346188087445375,2.0
-6.367817525789798,-0.1935794439093713,2.0
-6.118396598674881,0.5471235751129939,2.0
-6.726912541279446,-0.40059885147773955,2.0
-6.92223511794729,-0.06595709096441973,2.0
-5.819171471725219,-0.1620291625497899,2.0
-6.464571896845965,-0.07778388189618757,2.0
-6.321815987776311,0.2727589889985624,2.0
-6.116065193668551,0.2108942513857817,2.0
-5.142353009155294,0.5144532366449545,2.0
-6.179563617828183,0.13365002563692222,2.0
-5.673680751688187,-0.3588651265967968,2.0
-5.72604603480166,0.05677152457659125,2.0
-6.61436205666352,0.3011785285598524,2.0
-5.087383929471972,-0.1927966076250587,2.0
-5.853950177341297,0.6034914082794294,2.0
-6.520796636544863,0.46160801040267696,2.0
-6.57113932671434,0.7762257308508361,2.0
-6.982742946000122,-0.6127160004146325,2.0
-5.673236111835918,0.8785432376222582,2.0
-6.144602206846139,-0.4762700228775504,2.0
-5.811528620614248,-0.9469336317670463,2.0
-5.921001154118505,0.13178465750317012,2.0
-5.205913328328279,1.0383889639871058,2.0
-5.91140732428434,-0.5088645469331815,2.0
-6.37848938313497,-0.14880141292141616,2.0
-6.3252254136387345,1.0875186004535289,2.0
-6.334064694982991,0.3574080913813455,2.0
-6.028061708039215,0.16352881801806998,2.0
-6.907190313204139,-0.45937341253037633,2.0
-6.237892197318137,0.7318009488600914,2.0
-6.727966818187952,0.05338135072048787,2.0
-6.830998342018314,0.6793348583546422,2.0
-6.252465591542803,0.93397025937503,2.0
-5.989731792656969,0.41880570620427043,2.0
-6.466436349715899,0.6207098469397345,2.0
-5.527075169392104,0.8993112964985099,2.0
-5.845279268125576,0.36914482374151425,2.0
-7.733990570149771,-1.3852844704602707,2.0
-7.550576407274133,-0.6644912796048074,2.0
-8.195146894691808,-0.7944785563037311,2.0
-8.022599461249943,-0.8100010929970782,2.0
-8.337981817832851,-1.1225113847556012,2.0
-7.261074911792965,-0.463292630105839,2.0
-7.320578462094895,-0.3582686581173107,2.0
-7.170392420501893,-0.8888273468756083,2.0
-6.712865543457445,-1.6863940275774898,2.0
-6.911429218925813,-0.958288889621729,2.0
-6.582118161208649,-0.4895486598853599,2.0
-7.527752845494057,-0.7484551176974696,2.0
-7.19486617420014,-0.34563648186723794,2.0
-7.9898799005181065,-0.8057481867394101,2.0
-7.327836791893448,-0.729409586666002,2.0
-7.289847200588259,-0.296293267784631,2.0
-7.266904925077299,-1.1845944947006664,2.0
-8.203446327193946,-0.14762237429682806,2.0
-7.4769711097536,-0.6103829513002837,2.0
-7.565225059577498,-1.5808069745731632,2.0
-6.198348991848093,-1.6321565727384308,2.0
-5.947911130805496,-0.4939799001351956,2.0
-7.842097532112374,-1.2434470386831253,2.0
-7.394908502899581,-0.5156793201442097,2.0
-7.2429894518963955,-0.41907160999025506,2.0
-7.202859791914294,-0.31130640092304873,2.0
-6.752402213581906,-0.7574684382912688,2.0
-6.884176555331594,-0.8146625381124709,2.0
-7.145643210478693,-0.04759244913208288,2.0
-6.627581069989026,-0.10005953242387366,2.0
-6.845180970137243,0.45626252199380557,2.0
-4.592586439111335,1.0333170279369934,2.0
-5.892630909666732,0.5612769689440219,2.0
-6.082277846072316,0.5777469554484385,2.0
-5.400171522402911,0.44602697110872314,2.0
-5.514239944237858,0.06272960490807415,2.0
-5.128288734946052,0.4921401515360881,2.0
-5.879695010168254,0.6090403872231102,2.0
-5.915449506220319,0.8538131329945111,2.0
-5.695839063346012,1.0202408170191788,2.0
-6.13598603694394,0.26144579245149824,2.0
-5.362838547038238,0.3863166345500652,2.0
-6.45970400028941,0.9748287269049724,2.0
-5.099947387115666,-0.039443308624238865,2.0
-6.2384790562433245,0.2685797543085453,2.0
-6.013104556480441,0.6203899811409239,2.0
-5.253918467335784,0.6940591309067122,2.0
-6.085877817346453,-0.17429130926690525,2.0
-5.6703895338907095,0.2586628789255379,2.0
-5.573503610772378,0.025679359298651915,2.0
-5.852422745908982,-0.23003548937523008,2.0
-5.5053977460347685,0.15334813668666475,2.0
-4.940602051887023,0.30905830670282763,2.0
-5.653874023013973,0.4521218815626598,2.0
-5.401462550736509,0.5444613182621955,2.0
-5.792661114993553,0.3876352055637905,2.0
-6.346834746183054,0.630829885176152,2.0
-5.763796896506557,1.078468949355163,2.0
-4.294330302360337,0.5459648634601095,2.0
-5.484941525650041,0.3136780400198345,2.0
-4.81776997113309,0.5782188000002766,2.0
-5.265965718149792,0.4155342557706129,2.0
-5.608435468617159,0.14875731360311648,2.0
-7.579076067205684,-0.8575370001547685,2.0
-8.235128039249174,-0.7953394463445709,2.0
-8.097796207782023,-0.4334739235598632,2.0
-8.062017325092864,-0.8969078467917675,2.0
-7.689786984324883,-0.003367471430120449,2.0
-7.044927358344951,-0.10904739559909575,2.0
-7.947872304775723,-1.0393643255253835,2.0
-7.208737542705158,-0.4326227651686258,2.0
-8.370385141986198,-0.825765913791742,2.0
-7.4297511106048955,-0.24551230156842457,2.0
-7.47578654044979,-0.3312433321545739,2.0
-7.307646774617422,-0.7953479630765155,2.0
-6.690257974658108,-0.7055385459871006,2.0
-7.041238677241496,-0.02863435772387782,2.0
-6.673394892046939,-1.1932054680486193,2.0
-7.31073363773106,-1.1003638543087495,2.0
-6.262806872238814,-1.126351540242828,2.0
-6.774465414331728,-1.1894333425858217,2.0
-5.918930215362848,0.1971854459666886,2.0
-6.973308747800446,-0.17072012459716354,2.0
-6.51650043537904,-0.3192540579256686,2.0
-6.632093481874667,-0.18566030637592623,2.0
-6.1495059768713505,0.28054978866237607,2.0
-5.827861268079103,-0.262566612473137,2.0
-6.884481424950352,0.16593431347163323,2.0
-7.571794156711928,-0.6096237763538321,2.0
-6.028841610187462,-0.6163848874773943,2.0
-7.105474496406357,-0.6885148793590523,2.0
-7.232364592065976,-0.26635039384797293,2.0
-7.003255159627981,-0.30541687721373295,2.0
-7.454325637702007,-0.262274611412229,2.0
-6.615618876695687,0.9476543598789916,2.0
-6.114729371041783,0.41726836967685377,2.0
-6.307306549032401,-0.28931922361774326,2.0
-6.564927829153425,-0.9313827165631566,2.0
-6.571118521199496,-0.1421243411304602,2.0
-5.710232254420301,0.5470253347242554,2.0
-6.115179599925784,0.4372636959762923,2.0
-5.898427794948188,0.1586096983620918,2.0
-6.374826649330908,0.08241006349867394,2.0
-6.002809388577003,0.07088773715350544,2.0
-6.388173812039194,0.7142326321431757,2.0
-6.207996183757263,-0.789049696272571,2.0
-5.433183751205136,0.8634540609549543,2.0
-5.695331164824575,0.06673692380433771,2.0
-5.862966602676642,-0.5690374876520063,2.0
-5.705894023604559,-0.642577327544354,2.0
-5.665680175027516,0.3122768099448001,2.0
-6.245638419733598,0.12888503748449465,2.0
-5.52007456058892,0.4160339061976914,2.0
-6.097686301737044,-0.271286314564437,2.0
-5.670160749225343,-0.023375536736234645,2.0
-5.855035911083835,0.4110105123637732,2.0
-4.883986149647114,-0.26540657063421286,2.0
-5.812143322355292,-0.12153469297440905,2.0
-6.0222144836598925,-0.040610628144818105,2.0
-5.852544382840859,-0.11797409691391615,2.0
-5.493359214225255,0.2775186652780517,2.0
-5.604148650499651,-0.08241586479731143,2.0
-5.800106439083397,0.16164148626031535,2.0
-5.977390611889575,-0.642713008481089,2.0
-6.107957033456807,0.3551374546697119,2.0
-5.881303141045832,-0.7203207772078605,2.0
-7.460354774584665,-1.2016318142260893,2.0
-7.738399985792297,-0.26189620111344325,2.0
-5.8825908139649545,-0.7789050526163326,2.0
-7.201315350138202,-0.18461010679431406,2.0
-7.516025370863436,-0.672730406077543,2.0
-6.722252418652642,-0.023003563360137126,2.0
-6.209776329981612,0.08393150337107212,2.0
-5.8698807037948315,0.18363308080023205,2.0
-6.6793921663872196,0.41212397676159984,2.0
-6.490255388665302,-0.06739023483551107,2.0
-6.183508529117314,0.1353832362364687,2.0
-6.296014483636442,0.058579472155665856,2.0
-6.084055658300333,-0.37815134751605445,2.0
-6.758165394912287,-0.6367341744466366,2.0
-7.325470163501086,-0.4335302979887005,2.0
-7.734043991592985,-0.7239230141202252,2.0
-6.234858766563114,0.02210904049479042,2.0
-6.8176307020671345,0.25256164764730066,2.0
-6.343087856811609,0.4981659223894137,2.0
-6.888454453370685,-0.01497684923905832,2.0
-6.700619648360917,0.26942325368876247,2.0
-7.295942727461534,0.7806693911656974,2.0
-6.408427474082868,-0.136356697894741,2.0
-6.482216970484669,0.4514604353143431,2.0
-8.508775060857763,0.5699505457546077,2.0
-7.661876535378916,0.6023853397928547,2.0
-6.297072779367027,-0.10833793356354363,2.0
-7.27748351402715,-0.23263611433731177,2.0
-6.551435825877084,0.36260803202265524,2.0
-7.151952226521527,-0.38025200059019076,2.0
-6.576385976334134,0.3173781184946086,2.0
-7.460445833088339,-0.36630293850909507,2.0
-7.299070226251346,-0.31219100167118113,2.0
-7.070892555239851,0.5124286377641691,2.0
-7.639006337711308,0.21510094861530074,2.0
-7.588158881394521,0.15934519250632515,2.0
-7.671756247048362,0.26946038646313636,2.0
-7.444036839395124,-0.5650992881606277,2.0
-6.944474779546631,-0.27893755080544963,2.0
-5.739869245882468,-0.5709819949219084,2.0
-6.168950095311886,0.44345565336271353,2.0
-7.094301420062256,0.00977097162562853,2.0
-5.559507814409763,0.17876223461718044,2.0
-7.094249422596824,0.682948438599309,2.0
-6.459606210520517,0.06121631679618715,2.0
-6.785648093788192,0.5600854575406423,2.0
-7.019851226465338,0.6181036952763791,2.0
-7.0353628350288995,0.6097671118813829,2.0
-7.244802765540789,1.014746201143377,2.0
-6.441957271454409,0.9356957553321449,2.0
-6.484168106612262,1.3034091898798559,2.0
-7.29571491219134,0.6908299363723868,2.0
-6.578355560738514,0.6671064851730089,2.0
-7.554324652495183,0.24303673663074246,2.0
-7.7211696580606235,0.208753476724338,2.0
-7.430699897390209,0.45718489081620783,2.0
-7.480340054364961,0.7423490665967785,2.0
-7.187414232980213,0.3595081160155703,2.0
-7.146500075017584,0.7352430835998297,2.0
-7.611404864263581,0.757074803252337,2.0
-7.521403414780899,0.5428198793387723,2.0
-7.237600023309326,0.13461462871512014,2.0
-7.298477725085496,0.30521769542590343,2.0
-7.822286101216372,-0.8698397820969537,2.0
-6.508361360765562,0.03371114028116947,2.0
-7.3464706451043265,-0.7563304634574209,2.0
-8.095825497235781,-0.02742476335030335,2.0
-6.488653076511343,0.3956046436690597,2.0
-7.672856889867348,-0.56064695100013,2.0
-8.456324454618256,-0.9835625033323967,2.0
-8.471506142251263,0.7220003201108656,2.0
-7.923874518059263,-0.8393535125773811,2.0
-7.703684677216216,-0.2987922184013959,2.0
-6.609345533765901,-1.0820597826717644,2.0
-7.033449530374475,-0.9723154523376124,2.0
-7.451869675785576,-0.12302940745813586,2.0
-7.427200677140058,-1.3594904143951327,2.0
-7.171856601085561,-1.5084276273838182,2.0
-6.006249927202908,-1.2127129542987305,2.0
-7.533144034361321,-0.9036682675531564,2.0
-7.169251352807605,-0.8543443311954392,2.0
-6.263919292594401,-0.3008208510654966,2.0
-6.97224318015139,-0.6199377419671559,2.0
-6.370153820703179,-0.373961251770978,2.0
-6.260436131746475,0.2962519449072332,2.0
-6.588885560837908,-0.30849225989202955,2.0
-6.244278792559873,-0.4725746198998896,2.0
-6.956767240586077,0.04200791565673009,2.0
-5.58725096115529,-0.2872925148598474,2.0
-5.0173020348720225,-0.471113093935367,2.0
-6.058697174644494,0.46429530010714487,2.0
-4.750730939932845,1.0021324968034928,2.0
-4.711327911455791,-0.3986732337591162,2.0
-4.379599723437793,-0.31282677367353223,2.0
-4.958491770932531,0.05243803338009047,2.0
-5.405336177413361,0.22352657304255943,2.0
-5.769261765806911,0.3521880307709903,2.0
-6.455506367070144,0.22340054727741016,2.0
-5.5640308966307055,1.229655410196645,2.0
-5.558776603217664,0.6459038309155413,2.0
-5.026810460208865,0.5523114089386593,2.0
-5.693206844887701,0.40349859860089166,2.0
-5.459477201357478,0.4452255902736023,2.0
-5.686704189412368,-0.0707534115760634,2.0
-4.753142601674575,-0.44795268165560226,2.0
-4.75473383751239,-0.4802327940274829,2.0
-5.055671873783835,0.025283768266578376,2.0
-4.635022465850992,0.03858875483072438,2.0
-5.187381492606938,-0.3103436155108154,2.0
-5.404441478555094,0.20934442397139338,2.0
-6.1701862491274815,-0.08893904990034687,2.0
-5.2573127916331375,0.11356822938830605,2.0
-5.6677186378967965,-0.14805688165131015,2.0
-5.114433125629449,0.816471561421915,2.0
-4.753799902125584,0.27949652500150757,2.0
-4.599889482167393,0.3245842423023872,2.0
-4.9496317091800135,0.6641862131069165,2.0
-5.219995640865378,1.1937060836721998,2.0
-4.862718079334685,0.2610276678850301,2.0
-5.185563457573111,0.25812472664478936,2.0
-5.599718846392025,1.1023548580720952,2.0
-4.825180458354285,0.27222367016332444,2.0
-4.9917867025843865,0.20252785396402465,2.0
-5.048092461982898,0.13473798992215905,2.0
-5.248860341967865,0.8555279268929684,2.0
-5.854096517369197,0.33739782462322687,2.0
-7.59594260538737,-0.9811334912455865,2.0
-8.481287257080059,-1.4291043852823582,2.0
-7.445148481076686,-0.7793032942675207,2.0
-7.830670499589745,0.032774452273879026,2.0
-7.432381826470213,0.0838029049045003,2.0
-7.3068853392442215,0.8991799943004706,2.0
-6.395199187732717,-0.5250417186260735,2.0
-8.0783916260903,-0.5876318268664139,2.0
-7.663564139191741,-0.6620854536155433,2.0
-8.036451045836552,-0.31741985377762455,2.0
-6.7493620501431835,-1.0385297156346436,2.0
-7.1138745611296414,-0.4078363168194818,2.0
-7.89511910573139,-0.4145867341902962,2.0
-5.302787218596214,-0.6369800560764437,2.0
-7.146876737262319,-0.7337946971940901,2.0
-7.464101818828858,-0.25512562445045506,2.0
-6.706479023847519,-0.46049873790620877,2.0
-7.996534941672346,0.779685130106735,2.0
-7.151815579383977,-0.33797190041526615,2.0
-7.032024300693067,-0.718773062959452,2.0
-6.738481752267578,-0.8410544669518588,2.0
-6.646688609103284,-0.4088331012920753,2.0
-6.530738911215537,-0.3269272296925348,2.0
-5.677058197347343,0.42071139326998347,2.0
-6.137755724000135,-0.13395036920830555,2.0
-7.1392655610552636,-0.32361901001410465,2.0
-6.7652491568747415,0.39016508287033,2.0
-6.35471224646012,0.7801638617250828,2.0
-7.267722234407238,0.5925268399955955,2.0
-6.855904051122293,0.6471489841086615,2.0
-7.175384699981288,0.31709639026551084,2.0
-6.292193684331329,0.34881222539441753,2.0
-6.901264092236033,0.5486107460726749,2.0
-6.040043355698212,-0.07230512246300522,2.0
-5.902748943322815,0.6227990517809397,2.0
-7.245604397982824,0.7709962854100363,2.0
-6.89649356724766,1.1248834348597587,2.0
-6.2515873776356505,0.9195174840694443,2.0
-5.9523670174086405,0.5225199736822627,2.0
-6.15947971923318,0.7468830824917165,2.0
-5.296413569888949,0.14849745547652798,2.0
-6.111247226758411,1.0030096881555075,2.0
-6.478406521114746,0.41467831798302685,2.0
-6.267252596895587,0.9793259680995237,2.0
-5.150170918677798,0.7975049420303657,2.0
-6.056424205869103,0.9003891964022345,2.0
-6.607856003216212,1.0497525086031967,2.0
-6.407444364874879,0.9903458831842749,2.0
-5.519400813171303,0.9610805607345385,2.0
-6.676611309888158,1.7222197944843654,2.0
-5.577504292530576,0.8084641439573731,2.0
-6.5375707170461945,1.1894747421477414,2.0
-5.657314127313323,1.2797119057282649,2.0
-5.684024429198404,0.3110518184202254,2.0
-6.296545736153362,0.11128757230754914,2.0
-6.762433837352767,0.7673156454226348,2.0
-5.972864857039461,0.25089612530660843,2.0
-5.362429015715471,0.8247734995675585,2.0
-6.561868016538869,0.6109310856458189,2.0
-6.837019371808886,0.4941615653124269,2.0
-6.836464036008679,0.22210783580685223,2.0
-6.773005528864884,1.0768918289188654,2.0
-6.573149792453623,0.15273103735651072,2.0
-8.191469891497434,-1.011387090785327,2.0
-7.7428252398858,-0.06779345538100609,2.0
-8.284427563162941,-0.3390780037134548,2.0
-7.529985083925771,0.445929126332159,2.0
-7.11478333729013,-0.27309039583375294,2.0
-7.073805423887941,-1.0353903216885179,2.0
-8.586570757416638,0.3911312815432898,2.0
-7.9146656167351335,-0.10094914748004918,2.0
-8.160368829694386,-0.6231302961211275,2.0
-7.753683104559709,-0.7538617738012053,2.0
-8.266354777186713,-0.4963793358258694,2.0
-7.579809300765638,0.2920909251696142,2.0
-7.641528169935343,-0.6803490553647404,2.0
-8.085544731843306,0.2356582666436712,2.0
-7.108178131393748,-1.0155375421582797,2.0
-8.240158421991174,-0.22291411699326666,2.0
-8.262679666434913,0.26618827966612174,2.0
-7.986431180774785,0.3267543824346475,2.0
-8.030487817852423,0.11527443883019878,2.0
-8.980252830183515,0.9427478124710754,2.0
-8.726462967143899,-0.02331130627639556,2.0
-8.435398587193065,-0.32565351127583364,2.0
-8.104559603439382,-0.07322683661519828,2.0
-7.594750339054902,0.06818390214839953,2.0
-8.75871077920186,-0.8396701648491758,2.0
-8.306427804314776,0.2689786177198278,2.0
-8.783078525277547,-0.4353086669610029,2.0
-8.02369556466622,0.3177830650484486,2.0
-8.11468682060827,0.07125009241388053,2.0
-7.9289278885522,1.1274883237588007,2.0
-8.203152789328826,1.2727922751683503,2.0
-8.114897893634803,0.24661032894957713,2.0
-7.404386124189468,0.22271085766688073,2.0
-7.9422454995780845,0.855242434636084,2.0
-7.15074162189157,0.38713188212262634,2.0
-7.696787511410348,0.2934723861406797,2.0
-7.43072349481341,0.3192595010530388,2.0
-7.246214934973951,0.3119305840178004,2.0
-7.519243130890732,0.4620535068258108,2.0
-7.1260345085362715,0.4651330650382616,2.0
-6.8806060536781715,-0.19291399814346846,2.0
-8.023121310315593,-0.6732742627758789,2.0
-7.133775168226764,-0.04248206174243357,2.0
-7.110656274759944,0.5166556085820042,2.0
-6.844638642049549,0.6637171660902148,2.0
-6.25271503024901,0.4089875505372747,2.0
-6.404871277965571,0.14926817947704007,2.0
-7.614350071864634,-0.2039909686156296,2.0
-7.791419390762389,0.3177586118829083,2.0
-8.170749329659984,0.08299597885012883,2.0
-7.482206193176925,0.1266946241152911,2.0
-7.462544857369435,0.7209224717489067,2.0
-7.424429633126686,0.5219596454129428,2.0
-7.05750498200961,0.11912393857289598,2.0
-7.218262987145038,0.4555951032846817,2.0
-7.799085689640086,0.1096692020636253,2.0
-7.100636641239409,1.1560705938524523,2.0
-7.469941063325891,0.6627621419153809,2.0
-7.099325324969876,0.7374131290879432,2.0
-7.28159466294895,0.8050632993434421,2.0
-7.4662290651927,0.018475651800959815,2.0
-7.211013700968332,-0.018403008505272142,2.0
-7.268794369753469,0.13875334700268474,2.0
-7.280238705483535,-0.8206941481153844,2.0
-8.14980708084787,-0.7049140868385001,2.0
-8.364912508117982,-0.05408081783616988,2.0
-7.136646707378374,0.2668937365470552,2.0
-8.068754465908983,0.10536160771781998,2.0
-7.322754271273721,-0.9605908950191441,2.0
-7.006770809851405,-0.5786977631458026,2.0
-8.744633942867148,-0.021464334620849727,2.0
-7.06653293552675,0.004762212126601031,2.0
-7.196797131408097,-0.43350281997463624,2.0
-7.28938589463009,-0.46992043961186974,2.0
-7.418810485883353,-0.16823270667576418,2.0
-6.4946135705990224,0.4440462519327114,2.0
-6.027038100631385,0.09865719545016355,2.0
-6.536512414364377,0.2420096934793817,2.0
-6.673540667664822,0.2939744298390207,2.0
-6.3022014861938445,0.8031218332295257,2.0
-6.4917982085323445,0.7972498809956178,2.0
-6.284317848790214,-0.005100002910605176,2.0
-6.715409585876625,0.6522790685009344,2.0
-7.8557645157785805,0.7416803770526497,2.0
-6.58527267328637,-0.13191773704171136,2.0
-7.340440609666281,0.5678064997087293,2.0
-7.050592138394324,0.253984561449649,2.0
-7.8542418363512745,-0.08421586580940431,2.0
-7.17410348714023,0.23331692305242774,2.0
-6.634914598106946,-0.3573005023774956,2.0
-7.185532496510833,0.22157468591306484,2.0
-7.019989410473603,-0.2815963580293755,2.0
-6.716719428296571,0.2561385464861873,2.0
-6.328901655339691,0.3155145424047993,2.0
-7.22922277687032,0.05078072673958264,2.0
-6.026096048488059,0.5304859606770097,2.0
-7.042452771020801,0.2861658130489499,2.0
-7.367960739653798,-0.3755420498287987,2.0
-7.685461928981623,-0.6597385569000406,2.0
-7.159841426204741,0.07108271886786263,2.0
-6.480525656472325,0.06416799463570329,2.0
-6.0497765052187376,0.4491388933178675,2.0
-6.880026465977694,0.4389016503121156,2.0
-6.669349102922628,0.3434078744280618,2.0
-6.898399336005381,0.19037577588018187,2.0
-5.974882594839408,1.3298387093550321,2.0
-7.470993342506606,0.09352359348778062,2.0
-6.940105925312083,-0.050771711813618024,2.0
-6.612073226788932,0.9292920582038426,2.0
-7.2244689012131635,0.6320954533906596,2.0
-6.876726036397283,0.6681457799385665,2.0
-7.449150728297752,0.5057902767998446,2.0
-6.923122347801488,0.799180098519122,2.0
-7.598036942289219,0.43328773061839837,2.0
-7.019086011094374,0.30649837076010933,2.0
-7.233163715819636,0.5979319618516435,2.0
-7.259317557645752,0.22020358319928335,2.0
-7.200682560309233,0.5680679978329647,2.0
-7.142705928673602,0.5886541376768016,2.0
-7.392083965684924,0.8147217466347277,2.0
-7.156285591288059,0.07927979342420566,2.0
-7.793911028252139,0.5275442446511189,2.0
-7.8470823541854875,-0.13052893716550912,2.0
-8.302496037798173,0.6136494763955331,2.0
-8.459273617615022,0.7611952492373645,2.0
-8.348861532906735,0.03793563669336606,2.0
-7.192585821594515,-1.0171489984176274,2.0
-7.413927880743913,-0.6802919649065022,2.0
-7.676084070131992,-0.6724962132990221,2.0
-7.391093684204122,-1.1385134507943377,2.0
-8.146269001432833,-0.11381761742931637,2.0
-7.372006981281834,-0.3348776856364382,2.0
-8.063388407155369,0.4761378005732368,2.0
-7.781422627666819,0.8205725870869007,2.0
-6.855169290195799,0.8158822208629859,2.0
-6.863809195480125,-0.33112105112784335,2.0
-7.390294235965324,0.595443608727364,2.0
-7.6711191021556315,0.559406356930278,2.0
-7.846870336755738,0.12733082928206466,2.0
-7.323938586700803,0.1943529023262034,2.0
-6.972520403428844,0.15407472525196572,2.0
-7.585932716604197,0.5556165684162576,2.0
-7.543739979049842,-0.07294808016495405,2.0
-6.271350272787795,1.0042749229843508,2.0
-7.243844416427379,-0.1134773511606816,2.0
-6.655582112557655,0.6741354969033557,2.0
-6.7409007420433715,0.8322463862708162,2.0
-7.5226395125275385,0.11451123637112254,2.0
-6.509375043503148,0.2366107147043823,2.0
-6.7017388865787275,0.27895905672213755,2.0
-6.702259127374033,0.2699690233786027,2.0
-6.969618731290088,0.7384302357730073,2.0
-6.872605653650496,0.3328574413055067,2.0
-6.2690450420218236,0.07667555708206243,2.0
-7.121760721001849,0.019628895234384294,2.0
-7.682879084889627,0.17171074495916666,2.0
-7.032688933409182,-0.6756066256598813,2.0
-7.047999391861995,-0.376386898458218,2.0
-7.190430575232552,-0.07543518072999673,2.0
-7.344619690678869,0.23012896564293756,2.0
-7.59311356569303,-0.035760683807526755,2.0
-7.014439149014869,0.033712117132529605,2.0
-6.616593145337581,-0.26040162288422036,2.0
-7.369029439744248,0.04120822312100253,2.0
-6.570556811716458,0.4041728562559274,2.0
-6.894575212415976,0.01850707339745609,2.0
-8.100789869898534,0.1260570979367047,2.0
-7.382564099328747,0.636516800279435,2.0
-6.8053854126565545,0.7330601808807633,2.0
-6.310970189884911,0.20217856291069997,2.0
-6.7544477739706785,0.8371129737017953,2.0
-6.978506139783378,0.8691469999133679,2.0
-7.0041916414824845,-0.34966609428509043,2.0
-7.366166722577558,-0.22508036115704438,2.0
-7.180624645093464,0.9059033192637854,2.0
-7.608536168220838,-0.45865583062142745,2.0
-7.564195778452084,-0.15382549473815021,2.0
-7.10652098548516,-0.5288139106180824,2.0
-6.436368805418013,-0.693418518650306,2.0
-6.60787795441351,0.18314000121280197,2.0
-6.41952186520199,0.24767648998976247,2.0
-6.40391131106603,0.3653322326305466,2.0
-5.9468347827370325,0.5949933095850659,2.0
-7.041971022101444,0.0313988060310951,2.0
-6.39601865095882,0.15864368212904273,2.0
-6.265021940603739,0.14879442091992,2.0
-7.0390822965367805,0.33523650163202584,2.0
-6.4509347851065755,-0.13026797420492164,2.0
