LD1, LD2,class
1.096929,2.303715,0.0
3.750907,2.496818,0.0
3.458123,2.009225,0.0
2.261386,2.98132,0.0
2.487594,2.436215,0.0
4.304288,2.493426,0.0
0.758447,1.487005,0.0
2.072077,1.86957,0.0
4.148368,2.037371,0.0
2.138499,1.499534,0.0
2.531466,2.150437,0.0
2.203665,1.316225,0.0
1.711145,1.529877,0.0
2.012818,1.559182,0.0
1.413193,2.046823,0.0
2.796882,1.679294,0.0
2.622048,2.074348,0.0
1.92015,2.143956,0.0
2.921002,3.119826,0.0
1.853579,1.370353,0.0
1.918715,2.285395,0.0
2.847976,1.137141,0.0
2.293822,1.984748,0.0
2.153409,2.213859,0.0
2.197888,1.928305,0.0
2.959077,1.10564,0.0
2.327021,1.490449,0.0
2.670868,1.037341,0.0
2.677613,2.090053,0.0
1.941346,2.088381,0.0
1.812989,0.973094,0.0
2.16738,2.774121,0.0
2.255451,1.17809,0.0
1.39202,1.352559,0.0
1.991758,2.109962,0.0
1.775208,2.411135,0.0
1.162059,1.902478,0.0
1.295366,1.487167,0.0
1.580908,2.243286,0.0
1.497993,1.424073,0.0
1.42631,1.689455,0.0
1.078454,2.316929,0.0
0.118131,1.351892,0.0
0.787185,2.012457,0.0
1.103265,1.301171,0.0
2.529208,1.583667,0.0
1.520316,1.952542,0.0
3.504057,2.260151,0.0
2.568094,1.333843,0.0
2.350105,1.063648,0.0
1.936377,1.876054,0.0
1.941683,1.250021,0.0
2.288952,0.814623,0.0
1.787296,1.187079,0.0
2.424193,0.927874,0.0
2.812067,1.058614,0.0
2.20868,1.365894,0.0
3.012068,0.929664,0.0
2.96872,0.977958,0.0
2.500702,1.362727,0.0
2.995237,1.389318,0.0
3.464446,1.449204,0.0
2.780553,2.521387,0.0
2.629002,2.620919,0.0
3.679821,3.69929,0.0
2.776967,3.699404,0.0
3.923855,3.498989,0.0
2.97634,3.304435,0.0
4.192053,4.140775,0.0
3.543827,3.110758,0.0
2.901278,3.390076,0.0
2.760845,2.954786,0.0
3.750658,4.451194,0.0
2.671592,3.461631,0.0
2.007131,3.647239,0.0
2.347957,3.593447,0.0
2.149502,3.179086,0.0
2.922707,2.067265,0.0
1.908327,3.239008,0.0
2.977804,4.242051,0.0
2.063083,3.40381,0.0
2.847324,5.17026,0.0
2.486583,3.606289,0.0
3.199295,2.596502,0.0
3.043556,3.551922,0.0
3.070031,3.009258,0.0
2.676228,3.962097,0.0
3.661079,3.501322,0.0
1.411986,3.012673,0.0
2.700794,3.257304,0.0
3.466911,4.103112,0.0
3.808488,4.252834,0.0
2.218652,4.069894,0.0
3.536216,4.997808,0.0
2.912309,3.643372,0.0
3.169664,4.16896,0.0
3.83359,3.895995,0.0
3.274053,4.856066,0.0
3.414948,4.419573,0.0
4.455581,2.618089,0.0
4.124374,1.959176,0.0
3.022059,3.046045,0.0
2.698171,4.191131,0.0
3.027892,3.550054,0.0
3.897037,4.03728,0.0
3.471852,4.710004,0.0
4.275044,4.212053,0.0
3.560633,4.00169,0.0
3.965885,3.599911,0.0
3.723206,3.000716,0.0
3.973578,4.46781,0.0
4.510347,6.225414,0.0
2.662091,4.79517,0.0
2.256104,3.749809,0.0
2.684231,4.281953,0.0
3.23997,3.569043,0.0
3.605957,3.047776,0.0
3.597864,3.909619,0.0
4.008926,4.483014,0.0
3.78143,3.027239,0.0
3.395578,4.833739,0.0
3.046088,4.598544,0.0
3.429356,4.75761,0.0
3.425847,3.935731,0.0
3.93133,4.420837,0.0
3.816439,2.963394,0.0
3.39923,3.769993,0.0
4.048854,1.507255,0.0
3.748281,0.852676,0.0
3.379642,1.192328,0.0
4.179212,1.37879,0.0
5.797032,2.529982,0.0
5.111605,0.319819,0.0
4.318591,1.038847,0.0
4.056879,0.279647,0.0
2.51766,0.849888,0.0
3.06106,0.016543,0.0
3.903496,1.493089,0.0
4.024832,0.465341,0.0
3.725432,1.45372,0.0
3.555135,2.111169,0.0
3.777335,0.801532,0.0
3.070721,0.661704,0.0
4.43423,1.493199,0.0
4.55515,1.156254,0.0
3.027703,0.862308,0.0
4.528126,1.332574,0.0
3.278499,1.342088,0.0
3.554833,0.863805,0.0
3.426926,1.114236,0.0
3.337477,0.497289,0.0
3.773431,0.857224,0.0
2.256201,-0.041527,0.0
2.902931,-0.708733,0.0
3.620599,0.327299,0.0
3.90406,-0.353307,0.0
4.082256,0.223555,0.0
4.660851,0.0239,0.0
4.744461,-0.231344,0.0
3.966078,0.523,0.0
4.526218,-0.129248,0.0
3.877471,1.373913,0.0
4.8078,1.148257,0.0
3.630871,0.849454,0.0
5.124781,-0.304666,0.0
5.843378,0.187686,0.0
4.691275,-0.155906,0.0
3.490981,-0.423676,0.0
4.785751,0.500641,0.0
4.997738,0.439209,0.0
3.898354,0.891082,0.0
4.407701,0.338895,0.0
4.971825,0.108937,0.0
4.634139,0.819624,0.0
4.343963,0.803634,0.0
3.429133,0.621238,0.0
4.090145,-0.088819,0.0
4.045798,-0.220062,0.0
4.152235,0.602786,0.0
3.796385,0.389474,0.0
3.418002,1.182726,0.0
3.082839,0.072875,0.0
3.876338,-0.719415,0.0
3.572587,-0.296812,0.0
2.460686,0.606427,0.0
3.051761,-0.517195,0.0
4.238223,-0.671067,0.0
4.424153,-1.198813,0.0
2.013982,1.800679,0.0
1.618283,2.69956,0.0
2.486575,1.629597,0.0
3.051525,1.551322,0.0
2.271398,2.368076,0.0
3.084193,4.250226,0.0
2.782425,3.02154,0.0
2.228778,2.436261,0.0
2.667991,4.010571,0.0
2.944262,3.867631,0.0
2.955684,4.076646,0.0
2.850638,4.091642,0.0
2.478848,4.296246,0.0
4.029749,3.368035,0.0
3.282335,4.131691,0.0
3.315277,3.555747,0.0
3.662264,3.404495,0.0
4.687346,2.389915,0.0
3.857074,2.815061,0.0
2.304081,1.955533,0.0
3.390299,3.711534,0.0
2.560103,2.703669,0.0
2.362757,2.058367,0.0
1.784754,1.303885,0.0
1.537047,0.546144,0.0
2.583629,1.210439,0.0
1.497157,0.910557,0.0
1.890395,1.795703,0.0
2.172467,1.336189,0.0
1.871763,4.231953,0.0
0.654632,2.774509,0.0
0.824393,3.456069,0.0
0.727726,4.017777,0.0
0.085717,3.729457,0.0
0.381366,3.984438,0.0
0.242228,3.647175,0.0
-0.116627,3.291994,0.0
0.357188,3.737161,0.0
0.550969,3.649208,0.0
0.092626,3.435785,0.0
0.782958,3.46366,0.0
-0.211225,3.632908,0.0
-0.015713,3.107081,0.0
0.664471,3.744504,0.0
0.545727,3.725603,0.0
0.704279,3.915347,0.0
0.908899,3.118972,0.0
1.498118,3.042295,0.0
0.767244,3.326985,0.0
0.885215,3.198785,0.0
0.817823,3.422397,0.0
0.130387,2.851537,0.0
0.287809,2.993465,0.0
0.027161,3.264599,0.0
-0.12269,2.310623,0.0
0.020791,3.235959,0.0
-0.34191,2.986444,0.0
0.140784,3.291348,0.0
1.705638,2.629986,0.0
-0.318362,3.581466,0.0
0.482293,3.381402,0.0
1.160915,2.973681,0.0
-0.414774,3.182199,0.0
3.066157,1.695061,0.0
2.122239,2.020215,0.0
1.485189,2.424266,0.0
2.367778,3.474063,0.0
1.34161,3.357189,0.0
1.673074,2.754625,0.0
3.419801,3.692027,0.0
3.666041,3.460286,0.0
3.186533,3.910555,0.0
3.100324,4.270106,0.0
3.910518,3.899703,0.0
2.798705,3.83279,0.0
2.816368,3.079396,0.0
5.334476,4.535307,0.0
4.234133,4.231306,0.0
2.459205,2.513291,0.0
2.908665,3.910779,0.0
3.338801,3.904906,0.0
2.4281,3.356875,0.0
1.964802,3.491797,0.0
2.104382,2.64367,0.0
3.014152,3.022346,0.0
3.987341,3.932596,0.0
2.446745,1.880709,0.0
2.985488,3.388673,0.0
2.546547,3.78869,0.0
2.49297,2.190571,0.0
3.193962,2.978318,0.0
1.894145,3.030012,0.0
2.708215,3.826485,0.0
2.556984,2.93294,0.0
2.252381,3.417489,0.0
2.93174,2.389818,0.0
4.149737,2.753737,0.0
2.786527,3.265019,0.0
2.52076,3.429812,0.0
2.539347,2.560982,0.0
2.273782,2.14236,0.0
1.856496,2.268442,0.0
2.349886,2.876368,0.0
2.575613,2.439944,0.0
1.855557,2.134384,0.0
2.275001,3.065518,0.0
2.555545,2.707323,0.0
2.65838,2.738701,0.0
2.936318,3.011475,0.0
2.767208,3.190969,0.0
2.919092,3.750566,0.0
2.033208,2.432559,0.0
3.247408,2.767041,0.0
3.724107,3.822122,0.0
3.779667,5.110549,0.0
3.02257,3.040309,0.0
3.076669,3.419609,0.0
4.23657,4.248579,0.0
3.69581,4.006067,0.0
3.950559,5.323452,0.0
3.560898,4.638784,0.0
2.592794,4.484475,0.0
2.396664,5.325761,0.0
3.531369,4.935354,0.0
5.473912,5.171917,0.0
5.094431,5.199598,0.0
2.968086,2.013636,0.0
4.008853,2.449768,0.0
2.909567,2.83731,0.0
2.199092,1.057415,0.0
3.013668,1.426657,0.0
1.728327,2.237623,0.0
3.040816,3.514012,0.0
3.179165,2.8732,0.0
2.630909,2.952988,0.0
3.777428,3.739685,0.0
3.833663,4.056002,0.0
2.456056,2.259796,0.0
4.283163,1.270012,0.0
3.172676,3.178818,0.0
2.821621,2.076584,0.0
3.107406,2.976139,0.0
2.591461,2.432251,0.0
3.075137,3.487739,0.0
1.849383,2.939824,0.0
3.468728,2.385817,0.0
2.040918,3.073963,0.0
1.563855,3.482965,0.0
2.885566,1.275206,0.0
2.551115,3.299292,0.0
3.129798,4.270801,0.0
3.348753,3.949961,0.0
3.323062,3.550807,0.0
3.303956,1.506575,0.0
3.545086,1.49759,0.0
4.488065,2.751361,0.0
3.4828,3.752056,0.0
4.000559,3.320537,0.0
6.173006,3.187408,0.0
4.331512,2.505776,0.0
5.322044,2.735819,0.0
4.103451,2.797469,0.0
5.187791,4.438324,0.0
3.137113,2.896195,0.0
4.344943,4.016063,0.0
4.805428,3.631379,0.0
5.448384,2.842985,0.0
4.394374,3.343688,0.0
4.372898,2.393058,0.0
4.183264,2.114263,0.0
4.283792,2.241914,0.0
4.719566,3.001269,0.0
3.754938,3.970995,0.0
3.505546,3.966019,0.0
3.517949,3.234046,0.0
3.141641,2.282343,0.0
4.367462,3.750649,0.0
3.501359,3.481973,0.0
4.239028,3.1123,0.0
3.827096,3.598766,0.0
3.557426,2.665521,0.0
4.385105,2.127574,0.0
2.657513,1.956137,0.0
4.303273,2.763508,0.0
4.380353,2.314482,0.0
3.404293,1.360058,0.0
3.56809,1.87638,0.0
2.065871,2.123557,0.0
3.921036,1.876838,0.0
2.744135,2.652928,0.0
2.412206,2.994819,0.0
2.979833,2.85259,0.0
2.527844,4.340156,0.0
3.037981,3.393574,0.0
4.227384,1.910416,0.0
3.892905,2.010762,0.0
4.076054,1.618983,0.0
4.39283,0.744011,0.0
5.139392,0.90485,0.0
4.443343,1.652848,0.0
3.862145,0.197633,0.0
2.690504,1.318835,0.0
3.68491,1.710582,0.0
4.675741,1.500733,0.0
4.231869,0.930992,0.0
4.500459,1.432565,0.0
3.95972,1.019736,0.0
4.804061,1.968022,0.0
3.965036,2.47161,0.0
4.117788,2.663899,0.0
4.112877,3.855561,0.0
5.218932,2.735554,0.0
2.244171,1.828383,0.0
2.88661,1.238361,0.0
3.886636,2.045685,0.0
3.226785,1.921408,0.0
4.534145,2.553002,0.0
2.724922,3.643432,0.0
2.844751,3.228376,0.0
3.757201,5.100794,0.0
3.514106,3.755273,0.0
3.639088,2.929871,0.0
2.931996,2.755827,0.0
3.111907,2.124512,0.0
4.29043,1.223257,0.0
4.581143,1.049861,0.0
3.670973,2.6071,0.0
4.128657,1.021148,0.0
3.723805,1.469756,0.0
4.644599,1.152617,0.0
3.711345,1.808798,0.0
3.232737,2.260629,0.0
3.142043,1.520944,0.0
3.352576,2.777318,0.0
4.422192,1.279559,0.0
5.327327,3.603205,0.0
4.697905,1.658855,0.0
3.172654,2.152547,0.0
4.924949,3.093317,0.0
4.128249,2.108059,0.0
3.582498,3.07999,0.0
4.771167,2.308335,0.0
4.095888,1.469441,0.0
4.527488,1.780835,0.0
3.826125,2.044631,0.0
4.559605,1.466088,0.0
4.387595,2.811224,0.0
6.282415,1.076046,0.0
4.403955,1.217719,0.0
3.640097,0.567256,0.0
3.077077,0.532032,0.0
3.008812,0.142528,0.0
3.49677,2.380753,0.0
2.318986,3.652178,0.0
2.712879,2.886921,0.0
2.596962,3.179812,0.0
3.057588,3.461522,0.0
2.165678,3.802731,0.0
2.832568,4.130764,0.0
2.501957,2.840195,0.0
1.680669,3.152256,0.0
3.099171,3.860504,0.0
1.083818,6.507972,0.0
1.542673,5.435716,0.0
1.129487,4.602623,0.0
0.834097,4.771455,0.0
1.243503,2.624785,0.0
2.248769,3.799046,0.0
1.235263,2.991158,0.0
1.129133,2.387775,0.0
1.681248,2.719355,0.0
2.496913,3.7516,0.0
2.365485,4.001635,0.0
2.600347,3.928018,0.0
2.47496,4.411999,0.0
2.717895,4.221529,0.0
2.350318,3.835841,0.0
2.592686,3.78886,0.0
3.73042,4.283294,0.0
2.900978,4.44929,0.0
2.490828,4.283895,0.0
2.64061,4.608875,0.0
2.821096,5.090396,0.0
2.594933,4.943536,0.0
2.751744,5.699126,0.0
2.778997,4.371669,0.0
2.566272,5.722417,0.0
1.578747,4.513588,0.0
2.61074,4.446583,0.0
3.518454,4.52912,0.0
2.382353,4.078003,0.0
2.303609,4.772085,0.0
2.439132,4.593982,0.0
2.620825,4.208736,0.0
2.567781,5.759948,0.0
2.187055,4.760897,0.0
2.649966,3.242671,0.0
2.594084,3.598882,0.0
2.32013,3.383721,0.0
2.583284,2.886392,0.0
2.42179,3.052431,0.0
2.336429,3.530889,0.0
2.740031,3.79141,0.0
1.898552,3.213959,0.0
2.772159,2.305367,0.0
2.292509,3.588398,0.0
1.931095,2.842694,0.0
2.226657,3.570106,0.0
2.784831,2.895322,0.0
2.180426,3.210101,0.0
2.493223,3.304286,0.0
1.222301,3.581891,0.0
1.481336,3.071812,0.0
2.781468,3.836656,0.0
2.542937,3.291278,0.0
3.311177,1.930709,0.0
4.183719,2.464415,0.0
2.739759,2.219773,0.0
3.201182,2.199575,0.0
2.17594,2.479143,0.0
2.711071,2.493037,0.0
3.990781,1.497469,0.0
1.846256,2.00977,0.0
2.39895,2.488551,0.0
2.519744,2.072715,0.0
2.257382,2.383188,0.0
2.224238,3.407271,0.0
2.461117,2.855029,0.0
2.887872,3.529723,0.0
3.323443,4.152518,0.0
1.843153,3.929697,0.0
3.040493,2.718036,0.0
3.490577,2.91727,0.0
2.023287,3.078545,0.0
2.061031,3.413021,0.0
2.318241,2.869451,0.0
2.787351,2.706097,0.0
1.043379,1.503503,0.0
1.906405,1.021989,0.0
1.146662,1.365813,0.0
1.856468,1.240212,0.0
1.015513,2.367912,0.0
1.433069,2.751097,0.0
1.064754,2.015661,0.0
1.836291,1.841336,0.0
2.825963,2.194961,0.0
0.486882,2.64563,0.0
1.144406,2.373235,0.0
2.055143,2.707996,0.0
2.343498,3.024582,0.0
0.982661,2.098183,0.0
1.336551,0.878826,0.0
1.124623,1.086374,0.0
0.786497,1.816414,0.0
1.434579,0.601805,0.0
0.377681,2.632333,0.0
0.682384,1.27949,0.0
2.229452,2.495481,0.0
2.646125,1.397508,0.0
1.400155,2.933981,0.0
1.350651,1.969458,0.0
1.163572,3.215039,0.0
0.927809,2.583019,0.0
1.488646,1.456863,0.0
1.75532,1.730198,0.0
1.371369,3.317633,0.0
2.208901,2.539031,0.0
2.101113,3.414739,0.0
1.917046,4.088732,0.0
2.151604,2.549633,0.0
2.147257,3.707798,0.0
2.38745,2.795063,0.0
4.127751,2.820063,0.0
3.39983,1.599275,0.0
1.588617,1.804517,0.0
2.323848,2.382386,0.0
3.251172,1.781741,0.0
3.226736,3.015297,0.0
2.47268,2.191486,0.0
3.197569,4.057845,0.0
4.760672,4.384099,0.0
4.172664,4.329545,0.0
2.754941,3.079482,0.0
1.544366,2.529479,0.0
0.921894,3.156154,0.0
0.801257,2.868214,0.0
1.517852,3.773226,0.0
1.8529,3.635038,0.0
0.545938,3.488001,0.0
1.968226,3.721054,0.0
1.675318,3.478122,0.0
1.189829,3.220126,0.0
1.981128,3.622509,0.0
2.446166,4.738294,0.0
1.629761,3.167635,0.0
1.406771,3.977745,0.0
2.693109,4.02223,0.0
3.059436,3.555115,0.0
2.216049,3.187127,0.0
3.025083,4.068414,0.0
2.620381,5.376342,0.0
2.449839,4.023945,0.0
1.268763,3.79254,0.0
1.949972,4.887245,0.0
1.732426,3.543779,0.0
2.272969,5.064696,0.0
2.454225,4.132463,0.0
1.299092,3.578322,0.0
2.844476,4.776304,0.0
2.736446,5.143249,0.0
2.283764,4.869496,0.0
1.583241,4.818552,0.0
1.641886,4.431101,0.0
1.881751,4.407666,0.0
1.448101,4.470505,0.0
2.203888,4.084054,0.0
2.01512,3.477988,0.0
1.519468,3.46446,0.0
0.838197,3.613786,0.0
1.824922,3.360725,0.0
1.145527,4.388811,0.0
1.863862,4.564567,0.0
1.312129,4.173506,0.0
1.909712,3.985739,0.0
2.321851,4.17718,0.0
1.918692,4.430903,0.0
2.478447,4.792411,0.0
2.372812,3.718082,0.0
1.63845,3.284399,0.0
1.777604,3.822725,0.0
1.794416,4.004289,0.0
2.226699,2.847039,0.0
2.080478,4.2595,0.0
1.50795,4.353492,0.0
2.026258,4.768142,0.0
1.535558,4.338365,0.0
1.445967,4.547957,0.0
1.178811,4.588938,0.0
1.628262,4.346196,0.0
2.068504,4.257774,0.0
2.948178,4.033179,0.0
2.288362,1.953343,0.0
2.532017,3.792114,0.0
2.192346,3.137365,0.0
2.183493,3.095854,0.0
2.839462,1.94316,0.0
2.520276,3.993628,0.0
2.025594,2.64118,0.0
2.292938,1.765666,0.0
2.65085,4.070444,0.0
2.220922,2.656413,0.0
3.095587,2.915935,0.0
1.983356,3.722449,0.0
3.929621,3.03206,0.0
1.83114,2.501446,0.0
3.032133,1.880651,0.0
3.499881,3.750127,0.0
2.570268,2.922756,0.0
3.273826,2.868747,0.0
3.403453,3.764004,0.0
3.572167,3.413471,0.0
4.124777,3.643608,0.0
2.952922,2.879169,0.0
4.018965,3.247871,0.0
3.860124,2.68932,0.0
3.474121,2.597371,0.0
3.750955,3.059288,0.0
2.700456,1.889049,0.0
3.380285,4.031677,0.0
2.901481,2.476373,0.0
2.832772,3.662067,0.0
2.931817,2.548466,0.0
2.877513,3.100904,0.0
2.416994,2.292822,0.0
2.20392,2.633124,0.0
2.317284,2.913631,0.0
2.03651,1.770761,0.0
2.204813,1.896773,0.0
1.461416,2.167473,0.0
3.468478,3.298356,0.0
2.60608,3.17222,0.0
2.144349,2.664143,0.0
1.502496,0.68131,0.0
1.721965,2.357706,0.0
1.787803,2.142219,0.0
1.562433,2.054786,0.0
2.409496,2.625486,0.0
2.071068,2.396976,0.0
1.717394,1.964874,0.0
1.597134,2.259319,0.0
2.019515,2.263575,0.0
2.567591,2.262662,0.0
1.917416,1.95914,0.0
1.284872,1.852448,0.0
2.355584,2.544094,0.0
1.724107,2.784391,0.0
1.699021,2.793652,0.0
1.906602,3.228627,0.0
1.946563,3.350874,0.0
1.794344,3.656793,0.0
2.000907,2.42357,0.0
1.806872,3.074648,0.0
1.051118,2.552606,0.0
0.791943,2.058496,0.0
2.013326,2.280332,0.0
2.395422,3.050985,0.0
0.962674,2.861141,0.0
1.602455,2.387466,0.0
1.060759,2.218809,0.0
0.78732,3.184339,0.0
0.653396,2.886678,0.0
0.099464,2.440387,0.0
1.57552,2.925503,0.0
1.827802,3.46579,0.0
1.306016,3.194697,0.0
1.179504,3.658405,0.0
1.90378,3.578969,0.0
2.059565,4.213872,0.0
1.031507,2.799833,0.0
1.233699,0.81101,0.0
0.687957,3.271886,0.0
0.860089,3.298649,0.0
2.377606,2.709038,0.0
0.795104,1.785733,0.0
2.042401,1.262764,0.0
1.477665,2.332009,0.0
2.680155,2.859621,0.0
1.3471,1.559986,0.0
1.396785,2.577572,0.0
0.778026,2.154617,0.0
1.530328,1.639071,0.0
0.433061,1.028368,0.0
0.611098,1.299125,0.0
0.744906,1.778752,0.0
0.507118,1.60347,0.0
1.424608,2.378155,0.0
0.210706,0.78756,0.0
1.567281,1.314449,0.0
2.372201,1.194663,0.0
1.857726,2.421856,0.0
1.864182,2.185055,0.0
0.899339,1.907605,0.0
1.793993,1.710401,0.0
1.586158,1.157751,0.0
1.16732,0.976027,0.0
0.563708,1.104802,0.0
1.053128,0.293106,0.0
2.275153,0.840327,0.0
1.708851,1.559345,0.0
2.371114,1.705246,0.0
1.551062,1.512596,0.0
0.735829,1.901887,0.0
0.973316,1.602566,0.0
-0.483672,0.98272,0.0
0.073247,0.979219,0.0
0.284999,1.4958,0.0
-0.544499,2.055001,0.0
0.399964,0.563014,0.0
-0.414689,0.65287,0.0
0.118679,1.41414,0.0
-0.82899,1.657443,0.0
-0.251001,1.05017,0.0
-1.08976,0.864102,0.0
-0.917109,0.95831,0.0
-0.24372,1.524386,0.0
-0.829086,1.093017,0.0
3.18532,-2.592194,1.0
2.605809,-2.031181,1.0
4.162388,-2.417254,1.0
3.672539,-1.535926,1.0
3.856771,-1.948543,1.0
3.651494,-2.31357,1.0
2.693142,-1.780931,1.0
2.729813,-2.195654,1.0
2.199516,-2.753699,1.0
2.970229,-1.681713,1.0
2.321224,-2.674904,1.0
3.400883,-2.188199,1.0
3.438748,-2.361201,1.0
4.546833,-3.13813,1.0
4.295088,-2.979626,1.0
3.109426,-2.784663,1.0
3.34555,-2.707808,1.0
3.46914,-2.183225,1.0
3.965893,-2.738834,1.0
3.667055,-2.865622,1.0
3.742795,-2.527891,1.0
2.064927,-2.079667,1.0
2.413031,-2.084663,1.0
2.251572,-1.947622,1.0
2.405835,-2.710248,1.0
2.662642,-2.262294,1.0
2.407971,-2.410548,1.0
2.47597,-2.196175,1.0
2.527776,-2.949214,1.0
3.23393,-2.811617,1.0
2.383066,-2.150635,1.0
2.542983,-2.37239,1.0
2.876216,-2.310084,1.0
2.926345,-2.807801,1.0
2.782156,-2.206918,1.0
2.850178,-2.670213,1.0
2.478614,-2.138852,1.0
2.045675,-3.101853,1.0
2.962025,-2.428904,1.0
2.804269,-2.895769,1.0
2.498724,-2.667113,1.0
2.777166,-2.382814,1.0
3.180433,-2.138325,1.0
3.113088,-2.840426,1.0
3.419358,-2.675307,1.0
3.629583,-2.187691,1.0
3.348086,-2.459659,1.0
3.324527,-2.537611,1.0
3.361219,-2.116198,1.0
3.729404,-2.580236,1.0
3.036382,-3.681764,1.0
3.004235,-3.21835,1.0
3.311445,-2.9169,1.0
4.144436,-3.609206,1.0
3.700006,-3.387899,1.0
3.344007,-2.863465,1.0
3.364405,-3.186065,1.0
3.112815,-2.871541,1.0
2.563702,-1.87458,1.0
3.060795,-2.220006,1.0
2.635809,-2.624323,1.0
2.231686,-2.228796,1.0
3.72034,-3.247963,1.0
2.95976,-1.6239,1.0
2.799146,-2.069782,1.0
3.851282,-1.11539,1.0
3.51584,-2.496376,1.0
3.412238,-1.843379,1.0
2.964763,-2.120998,1.0
2.800474,-3.319308,1.0
2.547335,-3.348467,1.0
3.586636,-2.737953,1.0
2.812962,-2.680656,1.0
2.746691,-3.092125,1.0
3.529366,-2.597623,1.0
2.977395,-2.176055,1.0
3.308602,-2.417681,1.0
2.753916,-2.044537,1.0
3.644062,-2.108592,1.0
3.461076,-2.830365,1.0
4.504474,-2.957925,1.0
4.485587,-2.148863,1.0
3.689241,-2.550911,1.0
3.76023,-2.496612,1.0
4.241202,-3.228121,1.0
3.080991,-2.058467,1.0
2.78592,-2.541267,1.0
3.716162,-2.01341,1.0
2.362246,-1.297394,1.0
3.126344,-1.90214,1.0
3.109365,-2.209294,1.0
3.206231,-1.78607,1.0
3.336899,-1.219401,1.0
3.798349,-2.93521,1.0
2.635229,-1.779378,1.0
2.771488,-2.273706,1.0
2.853812,-2.933676,1.0
3.479501,-2.048701,1.0
3.542208,-1.262904,1.0
2.918244,-1.432134,1.0
2.925822,-2.034235,1.0
3.328918,-1.83014,1.0
3.106516,-1.745744,1.0
3.171883,-1.718688,1.0
3.708362,-2.076408,1.0
2.965859,-3.128171,1.0
3.260308,-1.585359,1.0
4.39249,-2.040924,1.0
3.823382,-2.169239,1.0
4.248114,-1.658977,1.0
2.703975,-1.348075,1.0
2.787067,-3.151545,1.0
2.593863,-1.135558,1.0
3.426567,-2.692215,1.0
2.878501,-2.321578,1.0
3.929889,-1.566759,1.0
4.109827,-2.120525,1.0
2.916653,-0.997471,1.0
4.420562,-2.354264,1.0
3.931717,-1.336087,1.0
4.419686,-1.666022,1.0
3.465349,-1.528259,1.0
3.842833,-2.019044,1.0
3.572361,-1.830176,1.0
3.226761,-0.987425,1.0
4.18538,-2.646674,1.0
2.88686,-1.77071,1.0
3.388026,-2.063015,1.0
3.371522,-2.379579,1.0
3.912117,-2.996296,1.0
2.988109,-3.137921,1.0
2.447043,-2.471554,1.0
3.036686,-2.492564,1.0
3.744927,-2.901943,1.0
3.468493,-2.717406,1.0
3.947751,-2.747604,1.0
3.613099,-2.791369,1.0
3.586886,-2.651372,1.0
3.43139,-2.608274,1.0
3.323902,-2.603104,1.0
2.583856,-3.387559,1.0
2.633939,-2.929868,1.0
3.545625,-2.495407,1.0
3.447067,-2.22965,1.0
3.15511,-2.321238,1.0
2.315132,-2.305884,1.0
3.331323,-2.667382,1.0
2.617088,-2.596129,1.0
2.849296,-2.794684,1.0
3.235181,-3.324067,1.0
3.561248,-2.689152,1.0
3.112077,-2.665875,1.0
3.291738,-1.892489,1.0
3.537377,-2.031183,1.0
2.422945,-2.895897,1.0
2.63767,-1.831016,1.0
2.654982,-2.973485,1.0
2.748872,-2.244579,1.0
2.758057,-2.258196,1.0
2.94698,-2.495489,1.0
3.635898,-2.177242,1.0
3.991804,-2.565403,1.0
2.947426,-2.32948,1.0
3.275186,-2.623836,1.0
3.271629,-2.378048,1.0
2.590845,-2.220555,1.0
2.964259,-3.51992,1.0
4.28254,-2.628271,1.0
3.12638,-3.454515,1.0
3.196028,-3.032139,1.0
3.899111,-2.275642,1.0
4.268351,-2.914733,1.0
3.400705,-2.796524,1.0
3.187585,-2.004913,1.0
3.932932,-2.006351,1.0
2.870264,-2.820343,1.0
2.729006,-2.148309,1.0
3.531888,-2.55935,1.0
3.132246,-2.293264,1.0
4.195593,-1.912805,1.0
3.516004,-2.312716,1.0
3.718013,-2.244928,1.0
2.228019,-1.988622,1.0
1.938739,-2.260924,1.0
2.057997,-2.31913,1.0
3.098284,-2.0923,1.0
3.295349,-1.895923,1.0
3.110715,-2.116318,1.0
3.780164,-1.918613,1.0
3.595627,-2.034876,1.0
2.602735,-1.929147,1.0
3.252487,-3.049089,1.0
2.956191,-3.075919,1.0
3.013325,-3.17484,1.0
3.338658,-2.87515,1.0
2.762268,-2.208347,1.0
2.764194,-3.098563,1.0
2.741341,-2.388335,1.0
3.896964,-2.609566,1.0
2.152373,-2.430577,1.0
2.189192,-3.047149,1.0
1.648466,-2.420624,1.0
2.40469,-2.099688,1.0
2.717886,-2.878011,1.0
2.367301,-2.372801,1.0
1.966945,-2.296731,1.0
2.698499,-2.783116,1.0
3.042923,-2.904482,1.0
2.167394,-2.012143,1.0
3.180195,-2.194351,1.0
3.340287,-1.78404,1.0
1.938807,-2.378782,1.0
2.865091,-2.475605,1.0
2.818983,-3.026195,1.0
2.973892,-2.379259,1.0
2.307583,-2.613315,1.0
2.622239,-2.435696,1.0
2.46073,-1.903483,1.0
1.874427,-2.966895,1.0
2.444739,-2.111814,1.0
2.820623,-3.203771,1.0
3.260906,-3.2087,1.0
2.268022,-3.435447,1.0
2.66526,-2.624222,1.0
3.163744,-3.213148,1.0
2.508368,-3.622261,1.0
3.238354,-2.060706,1.0
1.984865,-2.53015,1.0
2.800659,-2.524725,1.0
2.307612,-3.820114,1.0
2.274246,-3.171563,1.0
2.955129,-2.320801,1.0
2.913661,-2.655217,1.0
2.447976,-1.966084,1.0
2.673075,-2.319906,1.0
3.640649,-2.253772,1.0
3.207998,-2.401037,1.0
2.614269,-2.717412,1.0
2.633459,-3.051894,1.0
2.586904,-3.050907,1.0
3.027976,-2.795394,1.0
2.376403,-3.129435,1.0
3.185509,-2.270089,1.0
3.082501,-2.094182,1.0
2.275763,-1.089075,1.0
2.66042,-1.29808,1.0
2.791047,-2.8923,1.0
3.22251,-1.770009,1.0
3.117449,-1.846363,1.0
2.526265,-1.824419,1.0
3.078838,-1.973416,1.0
3.919485,-3.143032,1.0
3.168302,-2.070728,1.0
3.906579,-2.241966,1.0
3.273049,-1.541321,1.0
3.338756,-2.398972,1.0
3.990618,-2.507348,1.0
2.582346,-2.329443,1.0
3.390544,-1.423418,1.0
3.418116,-2.274585,1.0
4.135786,-3.135395,1.0
3.133501,-2.147835,1.0
3.358756,-2.401509,1.0
2.870643,-1.425295,1.0
3.523555,-2.167493,1.0
3.583824,-2.634979,1.0
2.089902,-2.148925,1.0
4.460052,-2.984957,1.0
4.228988,-2.981406,1.0
3.669707,-2.498262,1.0
2.834941,-3.239882,1.0
2.913637,-1.891447,1.0
3.168099,-2.371297,1.0
3.064113,-2.080548,1.0
3.674216,-2.211931,1.0
3.515774,-2.661782,1.0
3.129669,-2.888303,1.0
3.995507,-1.462274,1.0
3.544389,-2.620654,1.0
3.162983,-1.930981,1.0
3.182253,-2.141034,1.0
3.037909,-2.265102,1.0
3.843924,-1.933045,1.0
3.470777,-2.174656,1.0
3.239534,-2.14734,1.0
4.423851,-1.402892,1.0
3.311451,-2.482646,1.0
3.566956,-2.052294,1.0
3.966055,-2.368091,1.0
3.538677,-2.136857,1.0
3.443204,-1.723745,1.0
3.930796,-1.850863,1.0
3.591505,-1.95586,1.0
3.462572,-1.494529,1.0
3.372572,-1.305379,1.0
3.071215,-1.100397,1.0
4.072274,-1.436427,1.0
3.558468,-1.844789,1.0
3.706403,-1.814897,1.0
3.611245,-1.963085,1.0
2.626603,-1.900694,1.0
3.292927,-2.515039,1.0
3.156014,-2.19304,1.0
2.484818,-1.70405,1.0
2.673619,-1.902989,1.0
2.600127,-2.13921,1.0
3.432392,-2.702811,1.0
3.269314,-2.79074,1.0
3.091607,-3.207575,1.0
2.876599,-1.900527,1.0
3.5524,-2.638661,1.0
2.680465,-2.549565,1.0
3.12435,-2.112945,1.0
2.712641,-2.402674,1.0
3.692158,-2.830246,1.0
3.226874,-1.837633,1.0
3.615038,-2.567401,1.0
3.10085,-1.965066,1.0
2.442552,-2.678515,1.0
3.173385,-1.652423,1.0
3.754713,-3.658767,1.0
3.138066,-1.506028,1.0
3.495111,-2.570956,1.0
3.058371,-2.428808,1.0
2.87894,-2.521284,1.0
4.288768,-2.923135,1.0
3.437392,-2.306302,1.0
2.426051,-1.351455,1.0
1.945792,-2.931649,1.0
2.87703,-2.887498,1.0
3.285101,-2.079948,1.0
1.984166,-2.04816,1.0
2.15001,-2.483074,1.0
2.340646,-2.697735,1.0
2.315122,-2.501139,1.0
1.893139,-2.820958,1.0
3.687499,-2.906906,1.0
3.114749,-2.814592,1.0
3.436149,-2.258194,1.0
1.984462,-3.11466,1.0
3.059215,-2.464028,1.0
2.860227,-1.989572,1.0
2.604202,-2.43558,1.0
1.755987,-2.250767,1.0
1.297556,-2.438625,1.0
1.833721,-2.513054,1.0
2.576248,-2.592351,1.0
2.258697,-2.457667,1.0
1.809064,-2.213308,1.0
3.154887,-2.99971,1.0
2.353821,-2.152431,1.0
2.443058,-2.49891,1.0
3.788608,-2.087605,1.0
2.896507,-2.230008,1.0
3.158329,-2.318225,1.0
2.675477,-2.279054,1.0
3.00945,-3.09995,1.0
1.905644,-3.432409,1.0
2.13102,-3.169265,1.0
2.279932,-2.676178,1.0
2.441298,-2.510866,1.0
2.220404,-2.082751,1.0
2.04927,-1.953259,1.0
2.899423,-1.745813,1.0
2.121494,-0.917172,1.0
2.181702,-0.893818,1.0
2.611894,-0.615932,1.0
1.832346,-1.095681,1.0
1.643175,-0.629393,1.0
1.581828,-0.716312,1.0
2.372454,-0.371842,1.0
2.357038,0.158159,1.0
2.584656,-0.112609,1.0
2.069751,-0.131473,1.0
2.367161,-1.103266,1.0
3.260917,-0.812643,1.0
2.365227,0.313266,1.0
4.07082,-2.559385,1.0
2.470203,-1.973679,1.0
3.040191,-1.910605,1.0
2.853543,-2.810683,1.0
3.049106,-2.48064,1.0
4.202322,-2.758107,1.0
2.956561,-2.228874,1.0
2.772447,-2.289504,1.0
3.409067,-2.497183,1.0
2.495004,-1.751554,1.0
3.331736,-1.771023,1.0
3.52614,-1.597846,1.0
3.711353,-2.491615,1.0
4.128575,-3.207674,1.0
4.036794,-3.730642,1.0
2.430543,-0.881672,1.0
3.59908,-2.125071,1.0
3.866751,-3.822192,1.0
3.474734,-3.402935,1.0
3.446191,-3.241055,1.0
3.785333,-2.09814,1.0
3.140784,-1.153642,1.0
2.709287,-2.454885,1.0
3.508039,-3.060745,1.0
2.052838,-2.001207,1.0
4.367011,-2.329191,1.0
2.955191,-2.084626,1.0
2.599561,-2.629427,1.0
2.986057,-1.855248,1.0
3.638828,-1.679254,1.0
4.338794,-2.034165,1.0
4.066792,-2.397258,1.0
3.89118,-2.578506,1.0
4.634007,-1.950314,1.0
4.06676,-1.335471,1.0
3.79555,-1.738188,1.0
3.76755,-1.571113,1.0
3.247971,-2.662641,1.0
2.925871,-2.752783,1.0
4.136649,-2.942733,1.0
3.109775,-1.996413,1.0
3.519815,-3.030802,1.0
3.430428,-2.240449,1.0
2.966868,-2.38176,1.0
3.129625,-1.91235,1.0
3.298345,-1.919583,1.0
3.758773,-2.319161,1.0
2.75054,-2.474848,1.0
3.226586,-2.134488,1.0
3.087796,-2.093556,1.0
4.949824,-1.99582,1.0
2.927103,-3.105034,1.0
3.507196,-2.586734,1.0
4.014304,-2.71202,1.0
3.417131,-1.921743,1.0
2.77495,-1.545085,1.0
3.742829,-2.288336,1.0
3.035145,-1.871719,1.0
3.503824,-2.924035,1.0
2.755287,-2.235332,1.0
2.588448,-3.044262,1.0
3.354922,-1.993112,1.0
2.985733,-1.678335,1.0
3.497836,-3.039809,1.0
3.002177,-1.966573,1.0
3.74655,-2.15271,1.0
2.528372,-2.524214,1.0
3.456819,-1.137902,1.0
2.82058,-2.039708,1.0
2.929202,-1.722178,1.0
3.738789,-2.103196,1.0
4.547814,-2.91929,1.0
4.220654,-1.686438,1.0
3.246583,-3.191421,1.0
3.463451,-2.300142,1.0
3.694991,-2.055276,1.0
2.68757,-2.38697,1.0
3.55057,-1.850679,1.0
2.563897,-2.553032,1.0
3.390732,-0.874743,1.0
3.845087,-2.728166,1.0
4.065573,-2.104471,1.0
3.46047,-2.314002,1.0
3.532564,-1.845453,1.0
3.699046,-1.179218,1.0
3.8056,-2.473445,1.0
3.262676,-1.586639,1.0
3.069228,-2.745322,1.0
3.614426,-3.384423,1.0
3.309908,-2.330037,1.0
1.917499,-2.215092,1.0
2.502606,-1.824239,1.0
3.668269,-2.244696,1.0
3.4536,-1.920838,1.0
3.224437,-2.390217,1.0
3.010831,-2.035565,1.0
2.777729,-2.16335,1.0
2.384879,-2.44547,1.0
3.0417,-2.635638,1.0
2.687415,-2.409032,1.0
2.453181,-1.014892,1.0
2.024554,-2.357356,1.0
2.732355,-3.555496,1.0
2.148212,-2.225118,1.0
3.185442,-2.079829,1.0
3.039962,-1.415494,1.0
3.114898,-2.377548,1.0
2.913609,-1.998254,1.0
2.848182,-2.058049,1.0
3.594556,-2.000122,1.0
2.778089,-2.298577,1.0
3.687534,-2.736837,1.0
2.853249,-2.036087,1.0
4.171617,-2.233345,1.0
3.656646,-2.808871,1.0
3.272798,-2.571661,1.0
3.340799,-1.930749,1.0
3.580323,-2.156037,1.0
2.290486,-1.686021,1.0
2.841494,-2.778621,1.0
3.465649,-1.182329,1.0
3.565975,-2.502502,1.0
3.630853,-1.139864,1.0
3.048605,-1.536783,1.0
3.705952,-1.954776,1.0
2.77636,-0.926626,1.0
3.683279,-3.556584,1.0
3.344168,-2.041145,1.0
2.196239,-2.358639,1.0
3.373391,-2.208262,1.0
3.062562,-2.015162,1.0
2.924663,-2.670051,1.0
3.693245,-3.087266,1.0
3.09525,-2.488262,1.0
1.951676,-2.262084,1.0
3.323521,-2.479794,1.0
3.066929,-2.171536,1.0
2.826452,-2.54204,1.0
2.046161,-1.958388,1.0
2.605294,-2.469764,1.0
1.897818,-1.535145,1.0
2.629039,-2.436313,1.0
3.042423,-2.107675,1.0
2.18913,-2.80139,1.0
2.798225,-2.946413,1.0
3.516151,-2.228614,1.0
2.487655,-2.45758,1.0
3.009739,-2.545952,1.0
2.833864,-2.826522,1.0
3.49306,-2.046803,1.0
3.375415,-2.886209,1.0
3.794182,-1.912882,1.0
3.384779,-2.181571,1.0
1.957892,-1.735204,1.0
2.670773,-2.451479,1.0
2.87448,-1.968762,1.0
2.619291,-2.691173,1.0
3.044224,-2.136512,1.0
2.62327,-1.773837,1.0
3.149521,-2.168693,1.0
3.193461,-1.515012,1.0
2.730595,-1.87365,1.0
3.614717,-3.242088,1.0
2.657629,-3.050304,1.0
2.937159,-2.803638,1.0
2.589928,-1.790851,1.0
2.145236,-2.219488,1.0
2.477836,-2.59827,1.0
2.406037,-2.079384,1.0
3.127765,-2.390422,1.0
2.461544,-2.838468,1.0
3.094914,-2.240824,1.0
2.84163,-2.41704,1.0
2.707212,-2.667646,1.0
2.087245,-2.614618,1.0
3.06874,-2.508762,1.0
2.986933,-1.564468,1.0
2.643788,-2.278415,1.0
2.376224,-2.483316,1.0
2.60376,-2.855389,1.0
2.303139,-2.96137,1.0
2.137547,-3.335807,1.0
2.659289,-3.242598,1.0
2.230558,-2.896567,1.0
2.591842,-2.689159,1.0
3.37861,-2.666076,1.0
3.051215,-3.033309,1.0
2.118872,-2.553682,1.0
2.776476,-2.999493,1.0
3.210147,-2.724087,1.0
3.231845,-2.653202,1.0
2.414896,-2.384726,1.0
3.614599,-1.756372,1.0
3.937965,-2.354048,1.0
3.858763,-2.203937,1.0
3.555091,-3.15564,1.0
3.246946,-2.42868,1.0
3.699445,-2.369425,1.0
3.759517,-2.663699,1.0
2.548968,-2.410537,1.0
3.211998,-2.849564,1.0
2.940239,-3.548355,1.0
3.281525,-2.955445,1.0
2.468239,-3.039092,1.0
2.743772,-2.391434,1.0
2.204465,-2.280616,1.0
3.126644,-3.526337,1.0
2.587153,-1.669953,1.0
3.178053,-1.658878,1.0
3.126623,-1.329894,1.0
3.74559,-2.113582,1.0
2.743741,-2.43049,1.0
3.18544,-1.746151,1.0
2.682324,-1.961142,1.0
2.673504,-1.711789,1.0
2.127022,-1.90227,1.0
3.869376,-1.5467,1.0
2.838527,-1.637311,1.0
2.759506,-2.482913,1.0
3.536432,-2.219881,1.0
3.347429,-2.444932,1.0
3.630573,-2.486208,1.0
3.691735,-2.459062,1.0
4.302915,-1.67139,1.0
5.290105,-1.171592,1.0
3.726608,-1.919299,1.0
3.494938,-2.589731,1.0
3.448986,-1.812659,1.0
3.164001,-2.404089,1.0
2.874614,-1.142479,1.0
3.777583,-1.825401,1.0
3.229045,-1.654018,1.0
3.253538,-1.694689,1.0
3.516801,-1.903694,1.0
4.176794,-2.529378,1.0
3.503282,-2.165808,1.0
3.223586,-2.252634,1.0
3.863435,-1.435874,1.0
2.627901,-3.18932,1.0
3.032304,-3.162099,1.0
2.767303,-2.198986,1.0
3.910204,-2.321134,1.0
4.768427,-2.48469,1.0
4.040644,-1.951012,1.0
3.290675,-2.562916,1.0
3.283075,-1.983957,1.0
2.806116,-3.08037,1.0
3.573111,-1.660576,1.0
2.701571,-1.088705,1.0
2.907903,-2.011636,1.0
2.536019,-2.863014,1.0
2.166487,-2.161325,1.0
3.828171,-2.242421,1.0
3.285383,-2.969714,1.0
2.49353,-1.802466,1.0
2.988879,-3.053864,1.0
2.937058,-1.263482,1.0
3.222977,-2.671907,1.0
3.247172,-2.624055,1.0
2.621509,-2.640203,1.0
2.543893,-2.599213,1.0
2.495834,-2.909183,1.0
3.585479,-2.576805,1.0
3.045889,-4.052659,1.0
3.427372,-3.441061,1.0
3.039155,-2.951897,1.0
2.890785,-2.074256,1.0
3.795358,-2.283561,1.0
4.043458,-2.35746,1.0
3.345378,-2.487095,1.0
3.206902,-2.923534,1.0
3.045454,-1.845459,1.0
3.651139,-2.057187,1.0
3.019523,-2.041384,1.0
2.877603,-2.58136,1.0
1.796177,-2.134729,1.0
2.166539,-1.921816,1.0
2.123426,-1.722245,1.0
2.58305,-2.138449,1.0
2.842196,-2.437971,1.0
1.767645,-1.890353,1.0
2.464914,-2.909039,1.0
2.374521,-3.072415,1.0
2.701956,-2.364743,1.0
3.045378,-2.399116,1.0
3.32972,-2.096777,1.0
2.249953,-2.383559,1.0
2.937077,-2.74965,1.0
3.497877,-3.450187,1.0
2.260474,-3.091194,1.0
2.46646,-2.364871,1.0
2.302738,-2.597696,1.0
2.892099,-2.368509,1.0
2.895505,-3.57295,1.0
3.33018,-3.362188,1.0
2.203669,-2.251747,1.0
3.383283,-2.543709,1.0
2.714195,-3.073708,1.0
4.060191,-3.432422,1.0
2.924013,-2.846134,1.0
3.742407,-3.016964,1.0
2.321789,-3.065362,1.0
2.304882,-3.095492,1.0
3.016357,-3.494794,1.0
3.85882,-2.353951,1.0
2.620118,-2.041645,1.0
2.69447,-2.73823,1.0
2.655076,-2.6797,1.0
2.502149,-2.418441,1.0
2.55482,-2.897591,1.0
2.373715,-2.027238,1.0
2.234214,-2.85054,1.0
3.110004,-3.232987,1.0
2.705841,-2.149402,1.0
2.781403,-2.555012,1.0
3.76723,-2.723156,1.0
3.196509,-2.609872,1.0
3.156314,-2.942579,1.0
3.09555,-2.056259,1.0
3.0117,-1.756115,1.0
3.41934,-2.353716,1.0
3.0445,-2.543964,1.0
3.2983,-2.863247,1.0
2.657356,-2.850009,1.0
3.614762,-1.979179,1.0
2.463035,-2.571284,1.0
3.127383,-2.400871,1.0
3.011914,-1.950664,1.0
3.099724,-1.633011,1.0
3.1428,-2.825779,1.0
3.14047,-2.406952,1.0
3.096024,-2.577136,1.0
3.073756,-2.054051,1.0
3.974464,-3.175297,1.0
3.090939,-1.861765,1.0
4.129435,-2.445586,1.0
4.489974,-2.815941,1.0
4.047761,-1.816433,1.0
3.377061,-1.641209,1.0
3.862593,-1.831824,1.0
3.371386,-1.932982,1.0
3.669079,-0.774556,1.0
2.893697,-2.560936,1.0
3.714922,-2.667743,1.0
4.201876,-2.827463,1.0
4.449182,-3.148529,1.0
3.842,-2.715933,1.0
3.384585,-3.372209,1.0
3.120584,-1.955219,1.0
3.503333,-2.334148,1.0
3.774281,-2.493926,1.0
4.13672,-1.928648,1.0
4.382141,-2.659521,1.0
3.102659,-2.422226,1.0
3.1339,-2.24938,1.0
3.624374,-2.948292,1.0
2.000332,-1.628243,1.0
3.061513,-2.245769,1.0
3.101425,-2.51417,1.0
3.012277,-2.365488,1.0
2.700912,-2.559284,1.0
2.89567,-2.323599,1.0
3.688067,-1.878346,1.0
4.492174,-2.980056,1.0
3.948721,-1.779078,1.0
3.118444,-2.219694,1.0
3.143276,-2.62946,1.0
3.895441,-0.945657,1.0
4.395136,-1.536644,1.0
4.175466,-1.543351,1.0
3.657744,-0.760912,1.0
4.709262,-2.381954,1.0
5.096272,-1.828453,1.0
3.930881,-1.034301,1.0
2.624769,-1.694499,1.0
2.686442,-2.700892,1.0
4.409141,-2.115303,1.0
-6.565481,-1.241783,2.0
-6.767474,-0.43391,2.0
-6.607963,-0.787295,2.0
-5.761567,-0.686632,2.0
-6.008992,-0.345287,2.0
-6.729747,-0.124282,2.0
-5.012709,-0.440823,2.0
-5.538916,-0.04973,2.0
-4.983531,-0.63039,2.0
-5.509885,0.054864,2.0
-5.540961,-0.670078,2.0
-5.505486,-0.619583,2.0
-5.188466,-0.032533,2.0
-6.049065,-0.752784,2.0
-4.878539,0.139801,2.0
-5.514283,-0.480898,2.0
-5.655525,-0.324122,2.0
-6.126438,-0.068039,2.0
-5.555299,-0.247101,2.0
-5.782951,-0.149014,2.0
-5.755405,-0.068736,2.0
-6.175818,-0.311868,2.0
-5.425883,0.389706,2.0
-6.041321,0.197958,2.0
-5.135792,-0.157995,2.0
-5.877608,0.474573,2.0
-5.071844,-0.037055,2.0
-5.658056,-0.139621,2.0
-5.967337,0.407309,2.0
-5.460989,0.315858,2.0
-5.814037,0.259555,2.0
-5.902641,-0.15969,2.0
-5.332839,0.470404,2.0
-5.437753,-0.34191,2.0
-5.655428,-0.199088,2.0
-6.265275,-1.211124,2.0
-5.559201,-0.514242,2.0
-5.911071,0.424443,2.0
-5.395733,-0.134614,2.0
-5.438233,-0.487864,2.0
-5.113157,-0.397564,2.0
-5.893099,-0.04506,2.0
-5.584125,-0.192372,2.0
-5.625884,-0.235519,2.0
-6.137947,-0.629748,2.0
-5.459392,-1.0384,2.0
-5.227444,-0.024817,2.0
-5.547488,-0.667703,2.0
-5.170719,-0.388445,2.0
-5.172509,-0.472971,2.0
-5.864377,-0.604464,2.0
-6.212017,0.061656,2.0
-5.180169,-0.098498,2.0
-4.886828,0.123017,2.0
-5.230654,0.553309,2.0
-5.590815,-0.236882,2.0
-5.804869,-0.447498,2.0
-4.90084,-0.897738,2.0
-5.291255,-0.938643,2.0
-5.247406,-0.002019,2.0
-5.998024,0.082662,2.0
-4.961457,-0.428108,2.0
-6.093097,-1.966684,2.0
-6.953142,-1.370164,2.0
-6.609629,-2.053435,2.0
-6.95846,-1.800613,2.0
-7.046698,-0.739159,2.0
-7.634422,-1.622735,2.0
-6.254152,-0.905297,2.0
-6.717147,-0.199443,2.0
-6.977345,-1.590363,2.0
-6.548338,-1.632272,2.0
-6.85421,-0.563252,2.0
-6.498973,-0.718548,2.0
-7.335873,-0.112975,2.0
-5.87085,-0.808998,2.0
-5.606628,0.377014,2.0
-5.914112,0.010793,2.0
-4.511792,-0.006565,2.0
-5.924325,-0.578934,2.0
-5.980774,-0.504578,2.0
-5.093236,0.447866,2.0
-5.359012,-0.38252,2.0
-5.801532,0.062097,2.0
-5.431742,-0.776164,2.0
-5.444754,-0.110426,2.0
-6.260305,-0.43542,2.0
-6.450867,-0.581372,2.0
-5.726856,0.151911,2.0
-5.801169,0.355972,2.0
-5.225066,-0.132499,2.0
-6.162962,0.196255,2.0
-5.290287,0.146621,2.0
-5.167613,0.417042,2.0
-5.891141,0.978312,2.0
-4.758287,0.091565,2.0
-5.601963,0.580087,2.0
-5.199067,0.230003,2.0
-4.808617,0.040186,2.0
-4.591992,-0.645499,2.0
-5.007174,0.281387,2.0
-4.823186,-0.765319,2.0
-5.148294,0.997631,2.0
-5.534115,1.123729,2.0
-5.211227,0.325266,2.0
-5.277896,0.073704,2.0
-5.539471,0.24997,2.0
-4.700766,-0.097153,2.0
-5.124566,0.603631,2.0
-5.22436,0.514363,2.0
-5.075078,0.108118,2.0
-5.66584,0.519548,2.0
-5.072379,-0.643915,2.0
-5.418432,0.57519,2.0
-4.930153,0.339113,2.0
-5.965694,-0.446288,2.0
-5.712158,0.331053,2.0
-4.841272,0.474263,2.0
-5.42575,1.3029,2.0
-5.090726,0.425696,2.0
-5.261959,0.437909,2.0
-4.950459,-0.611038,2.0
-4.814674,0.427813,2.0
-5.568305,0.473938,2.0
-4.451415,0.443138,2.0
-6.261327,-1.503786,2.0
-6.180823,-1.564979,2.0
-6.850102,-0.98364,2.0
-6.16802,-0.985832,2.0
-5.919872,-1.665732,2.0
-6.713542,-1.198294,2.0
-7.019586,0.001823,2.0
-6.375296,-1.110111,2.0
-6.748334,-1.29626,2.0
-6.699237,-0.695682,2.0
-7.159973,0.301233,2.0
-6.769869,-0.33834,2.0
-7.557596,-0.127069,2.0
-7.558454,-0.769347,2.0
-6.71421,-1.128104,2.0
-7.232259,-0.584964,2.0
-7.201454,-0.490181,2.0
-6.487615,0.305851,2.0
-6.407493,-0.420436,2.0
-7.425711,-0.2412,2.0
-7.310188,-0.009844,2.0
-6.329141,0.258817,2.0
-6.895575,-0.997074,2.0
-5.796413,-0.798572,2.0
-6.190326,-0.270796,2.0
-5.777935,-0.384638,2.0
-6.666844,-0.415505,2.0
-6.612712,-0.30907,2.0
-7.409871,0.242594,2.0
-6.657682,-0.618343,2.0
-6.384866,0.093411,2.0
-6.689346,0.195294,2.0
-6.2841,0.679085,2.0
-5.922647,0.782597,2.0
-5.654762,0.51958,2.0
-6.464154,0.634672,2.0
-6.2643,0.41124,2.0
-6.47509,0.240926,2.0
-6.609307,0.228944,2.0
-6.127412,0.05243,2.0
-6.670225,-0.449867,2.0
-6.680548,0.191452,2.0
-6.46491,0.161643,2.0
-6.927196,0.158676,2.0
-6.181545,0.13106,2.0
-6.667139,-0.558337,2.0
-6.267728,0.073569,2.0
-6.723689,-0.003883,2.0
-6.686129,1.20334,2.0
-5.799877,0.590075,2.0
-6.020065,0.843591,2.0
-6.044888,0.480697,2.0
-6.827443,0.523477,2.0
-7.124662,0.884471,2.0
-6.1609,0.828007,2.0
-5.172095,0.350417,2.0
-6.796512,0.233646,2.0
-6.351208,0.458967,2.0
-5.681467,0.845606,2.0
-6.312818,0.67449,2.0
-5.869852,0.000235,2.0
-5.979638,0.481439,2.0
-6.04054,0.979037,2.0
-6.187313,-1.460928,2.0
-6.259395,-0.602001,2.0
-5.260997,-0.931126,2.0
-5.190806,-1.211487,2.0
-5.399121,-1.033225,2.0
-5.373792,-0.491569,2.0
-5.023123,-0.012947,2.0
-5.606393,-0.446868,2.0
-5.349808,0.364292,2.0
-6.056422,-0.78148,2.0
-4.754977,-0.110041,2.0
-4.642343,0.103346,2.0
-5.327818,-0.254659,2.0
-4.75213,0.197524,2.0
-5.008943,0.146303,2.0
-4.733508,0.543326,2.0
-5.113187,-0.519078,2.0
-5.177119,-0.295621,2.0
-5.605667,0.084153,2.0
-5.208627,0.240625,2.0
-4.922893,0.802854,2.0
-4.753912,0.356382,2.0
-4.895663,0.175741,2.0
-5.018079,0.782398,2.0
-4.923307,0.792948,2.0
-5.521615,0.33256,2.0
-4.62007,0.449742,2.0
-5.076575,0.533775,2.0
-4.956322,0.059661,2.0
-5.412666,0.030687,2.0
-4.058534,0.488762,2.0
-4.621436,0.310051,2.0
-4.815864,0.632173,2.0
-4.854195,0.124618,2.0
-3.896552,0.687637,2.0
-4.456351,0.105297,2.0
-4.410152,-0.625385,2.0
-4.470968,0.259479,2.0
-5.205968,0.603778,2.0
-3.584863,0.354163,2.0
-4.936306,0.417259,2.0
-5.765297,0.129091,2.0
-5.681313,0.58192,2.0
-5.879402,-0.743713,2.0
-4.784217,0.721679,2.0
-4.817945,-0.117689,2.0
-5.069939,-0.951094,2.0
-5.16505,-0.03332,2.0
-4.909658,0.884689,2.0
-5.488832,-0.713542,2.0
-5.608113,-0.244887,2.0
-5.457366,0.678489,2.0
-5.032977,0.32097,2.0
-5.178847,-0.351506,2.0
-5.798373,-0.578273,2.0
-4.849847,0.449969,2.0
-5.391251,-0.352327,2.0
-5.806768,0.12909,2.0
-4.918207,0.5716,2.0
-5.00437,0.236979,2.0
-5.620971,0.119944,2.0
-4.84692,0.826708,2.0
-4.836528,-0.040405,2.0
-6.405712,-2.430889,2.0
-6.20349,-1.567487,2.0
-6.826068,-1.586348,2.0
-6.443632,-1.511622,2.0
-6.427708,-1.925397,2.0
-5.486348,-1.075216,2.0
-5.546529,-1.085456,2.0
-6.153742,-1.572049,2.0
-4.998808,-1.941083,2.0
-5.172665,-1.732475,2.0
-4.435158,-1.085651,2.0
-5.467577,-1.494049,2.0
-5.45768,-1.524905,2.0
-6.25244,-2.097055,2.0
-5.621147,-1.455126,2.0
-5.230158,-0.828662,2.0
-5.026585,-1.672458,2.0
-6.387569,-0.807348,2.0
-5.18687,-1.120648,2.0
-5.511698,-2.04705,2.0
-4.70132,-1.968449,2.0
-4.508191,-1.18426,2.0
-6.024712,-1.809095,2.0
-5.310022,-1.395975,2.0
-5.535518,-1.100067,2.0
-5.455493,-1.094863,2.0
-4.971541,-1.038724,2.0
-5.333536,-1.417933,2.0
-5.94647,-0.934116,2.0
-5.660636,-0.681413,2.0
-5.998826,-0.206447,2.0
-4.876259,0.606854,2.0
-5.18007,0.111125,2.0
-5.351567,-0.014037,2.0
-4.683314,0.027342,2.0
-4.638414,0.095256,2.0
-4.528491,-0.093889,2.0
-5.406029,0.010437,2.0
-5.769296,0.312769,2.0
-5.684911,-0.066339,2.0
-5.766295,-0.274049,2.0
-4.971032,0.125934,2.0
-5.810228,0.448943,2.0
-4.757381,-0.396752,2.0
-6.056877,-0.20501,2.0
-5.552295,-0.056319,2.0
-4.982802,0.199315,2.0
-4.948117,-0.307552,2.0
-4.691635,0.070718,2.0
-4.731534,-0.174334,2.0
-4.867824,-0.291591,2.0
-4.720399,-0.2992,2.0
-4.621365,-0.039105,2.0
-4.431432,0.312179,2.0
-4.535294,0.16803,2.0
-5.013405,0.227245,2.0
-5.412022,0.463443,2.0
-5.396243,0.559896,2.0
-4.046126,0.200251,2.0
-4.758224,0.308423,2.0
-4.236051,0.514665,2.0
-4.855462,-0.02547,2.0
-4.696878,-0.296777,2.0
-6.790324,-1.87267,2.0
-6.665947,-1.676868,2.0
-6.936475,-1.268165,2.0
-6.188275,-1.546075,2.0
-5.509459,-0.743853,2.0
-5.571959,-0.982152,2.0
-5.73042,-1.619655,2.0
-5.773627,-0.979805,2.0
-6.737944,-1.295616,2.0
-6.065071,-0.611627,2.0
-5.955606,-0.686159,2.0
-5.444956,-1.060692,2.0
-5.00451,-0.774061,2.0
-5.651933,-0.382261,2.0
-4.793931,-0.935572,2.0
-5.289096,-1.132813,2.0
-4.919156,-0.879387,2.0
-4.81486,-0.744013,2.0
-4.704517,-0.105765,2.0
-5.113211,-0.285261,2.0
-4.849234,-0.226883,2.0
-5.032654,-0.554487,2.0
-4.819593,0.468167,2.0
-4.452069,0.151766,2.0
-5.204322,-0.081268,2.0
-5.920984,-0.866922,2.0
-4.521066,-0.839245,2.0
-5.413962,-0.656746,2.0
-5.273794,-0.559099,2.0
-5.591462,-0.048283,2.0
-5.865031,-0.317851,2.0
-5.866759,0.891059,2.0
-5.074341,0.580001,2.0
-4.980801,0.13843,2.0
-5.256135,-0.561691,2.0
-5.024001,-0.178636,2.0
-4.460605,0.36589,2.0
-4.902818,0.121838,2.0
-4.539468,0.024432,2.0
-5.126685,-0.23964,2.0
-4.39969,-0.065495,2.0
-4.925043,0.716246,2.0
-4.95591,-1.182798,2.0
-4.171434,0.812361,2.0
-4.695236,0.139719,2.0
-4.647987,-0.264482,2.0
-3.965341,0.016675,2.0
-4.657054,0.45802,2.0
-5.357355,0.069239,2.0
-4.801671,0.364467,2.0
-4.888542,-0.575049,2.0
-4.63916,-0.262463,2.0
-4.990635,0.186795,2.0
-4.011642,-0.173336,2.0
-4.251198,0.21498,2.0
-5.01061,0.011001,2.0
-4.577134,-0.165604,2.0
-3.486836,0.652334,2.0
-4.569467,-0.004815,2.0
-4.356716,0.157668,2.0
-4.512684,-0.414326,2.0
-4.582168,0.457881,2.0
-4.365001,-0.568564,2.0
-6.052358,-1.959555,2.0
-6.791463,-1.367608,2.0
-4.950114,-1.340775,2.0
-5.916445,-0.858236,2.0
-6.03082,-1.245322,2.0
-5.368718,-0.742809,2.0
-5.779979,-0.504094,2.0
-4.943955,0.122166,2.0
-5.506219,-0.273062,2.0
-5.587757,-0.512491,2.0
-4.968317,0.161132,2.0
-5.221169,-0.200784,2.0
-5.124202,-1.08555,2.0
-5.497949,-1.380433,2.0
-5.951112,-1.009104,2.0
-6.24025,-1.603522,2.0
-5.1621,-1.019069,2.0
-5.870184,-0.99849,2.0
-5.907446,-0.527685,2.0
-5.665877,-1.014159,2.0
-5.54534,-0.953612,2.0
-6.742255,-0.798817,2.0
-5.717789,-1.295038,2.0
-6.174806,-0.968584,2.0
-7.34656,-0.303269,2.0
-6.566527,-0.088606,2.0
-5.286238,-0.675222,2.0
-6.112699,-1.168081,2.0
-6.263707,-0.793656,2.0
-6.330846,-0.985083,2.0
-5.93747,-0.709005,2.0
-6.439416,-0.852,2.0
-6.272996,-0.875285,2.0
-6.219792,-0.266245,2.0
-7.035459,-0.751048,2.0
-6.535288,-0.280477,2.0
-6.614491,-0.337004,2.0
-5.725769,-0.31722,2.0
-5.645953,-0.26761,2.0
-4.847266,-0.539085,2.0
-5.251363,-0.043936,2.0
-6.111512,-0.625087,2.0
-4.545137,0.148287,2.0
-6.460898,0.450112,2.0
-5.425266,-0.084505,2.0
-5.456107,0.348915,2.0
-5.738805,0.457169,2.0
-5.424101,0.741009,2.0
-5.959015,1.187553,2.0
-5.636226,1.004257,2.0
-5.403619,1.290875,2.0
-6.065486,0.416396,2.0
-5.677823,0.404324,2.0
-6.263552,-0.100945,2.0
-6.396225,-0.081882,2.0
-5.508981,0.508573,2.0
-6.034427,0.660658,2.0
-5.557882,0.213532,2.0
-5.720539,0.361173,2.0
-6.052645,0.608236,2.0
-5.77803,0.01779,2.0
-5.817146,0.050701,2.0
-5.7552,-0.150936,2.0
-6.316135,-1.576768,2.0
-5.137933,-0.170335,2.0
-5.937897,-1.244996,2.0
-6.865043,-1.110904,2.0
-6.276753,-0.248547,2.0
-6.735468,-1.611454,2.0
-6.901166,-1.75291,2.0
-7.068919,-0.804528,2.0
-6.638265,-1.946971,2.0
-6.604085,-1.00884,2.0
-5.246505,-1.685627,2.0
-5.609448,-1.406715,2.0
-5.779313,-0.187582,2.0
-5.067277,-0.999672,2.0
-5.233189,-1.467337,2.0
-4.151557,-0.922712,2.0
-5.826129,-1.334193,2.0
-5.14661,-0.763974,2.0
-4.669216,-0.379496,2.0
-5.28104,-0.551574,2.0
-5.149594,-0.122075,2.0
-4.932643,-0.122459,2.0
-4.83411,-0.792651,2.0
-4.81884,-0.903299,2.0
-5.17738,-0.268292,2.0
-4.284026,-0.330773,2.0
-3.818272,-0.678535,2.0
-5.176346,0.073852,2.0
-4.418719,0.564577,2.0
-4.144041,-0.655964,2.0
-3.96008,-0.467236,2.0
-4.323908,-0.430932,2.0
-4.478892,0.088589,2.0
-5.094632,-0.121311,2.0
-5.707884,-0.500074,2.0
-5.062959,0.892764,2.0
-5.025677,0.263053,2.0
-4.711743,0.09121,2.0
-5.152979,-0.420111,2.0
-4.89467,0.073138,2.0
-5.131557,-0.740692,2.0
-4.598054,-1.300416,2.0
-4.155775,-1.031867,2.0
-4.608318,-0.571824,2.0
-3.897795,-0.754665,2.0
-4.236083,-0.422931,2.0
-4.757597,-0.026952,2.0
-4.986794,-0.376596,2.0
-4.759842,-0.92798,2.0
-4.728808,-0.522763,2.0
-4.397126,0.066569,2.0
-4.110768,-0.398984,2.0
-3.815917,-0.017206,2.0
-4.036938,0.327781,2.0
-4.297379,0.774048,2.0
-4.488372,-0.310827,2.0
-4.733321,-0.122715,2.0
-4.810363,0.270777,2.0
-3.8742,-0.507506,2.0
-4.201294,-0.370077,2.0
-4.47327,-0.428833,2.0
-4.765429,-0.072683,2.0
-5.555121,-0.614524,2.0
-5.868849,-1.517597,2.0
-6.485408,-2.058219,2.0
-5.191253,-1.489108,2.0
-6.291463,-0.164334,2.0
-5.489848,-0.394536,2.0
-5.711522,0.619451,2.0
-4.920696,-0.821005,2.0
-6.047658,-0.474197,2.0
-5.151891,-0.542792,2.0
-6.047973,-0.486567,2.0
-4.426976,-1.04603,2.0
-5.618801,-0.437042,2.0
-6.268753,-0.851096,2.0
-4.54713,-0.814772,2.0
-5.944116,-0.714593,2.0
-6.168833,-0.357527,2.0
-5.482892,-0.627923,2.0
-6.918699,0.198047,2.0
-5.904174,-1.117679,2.0
-5.921584,-1.497952,2.0
-5.909823,-1.164247,2.0
-5.799842,-1.196928,2.0
-6.380637,-1.570178,2.0
-5.120844,-0.386016,2.0
-5.40327,-0.503353,2.0
-6.663315,-0.883974,2.0
-6.585143,-0.10127,2.0
-6.178831,0.42665,2.0
-6.762633,-0.26608,2.0
-6.342596,0.287477,2.0
-6.48277,-0.30719,2.0
-5.754571,-0.475685,2.0
-6.257574,-0.036053,2.0
-5.297699,-0.402747,2.0
-5.746872,0.440542,2.0
-6.623764,0.266493,2.0
-6.509914,0.501933,2.0
-5.794988,0.538046,2.0
-5.227985,0.236542,2.0
-5.309663,0.390452,2.0
-4.885092,-0.15947,2.0
-5.808027,0.380845,2.0
-5.800616,-0.439847,2.0
-6.056335,0.573969,2.0
-5.246197,0.122982,2.0
-5.905046,0.24024,2.0
-6.000869,0.730552,2.0
-5.960457,0.438901,2.0
-5.46967,0.403482,2.0
-6.035276,0.829127,2.0
-4.942958,0.70081,2.0
-6.101415,0.68264,2.0
-5.470878,0.546842,2.0
-5.029488,-0.450969,2.0
-5.434562,-0.487146,2.0
-6.004764,0.026588,2.0
-5.78104,-0.279452,2.0
-5.186727,0.340947,2.0
-6.099367,-0.025156,2.0
-6.088028,-0.577102,2.0
-6.252505,-0.64876,2.0
-5.874894,0.416548,2.0
-5.723373,-1.040845,2.0
-6.618314,-1.866618,2.0
-6.307509,-1.377323,2.0
-6.664997,-1.088967,2.0
-6.145962,-0.070812,2.0
-5.821748,-0.627919,2.0
-5.017608,-1.666515,2.0
-6.393543,-0.480863,2.0
-5.600936,-0.465494,2.0
-6.072908,-1.089677,2.0
-5.218801,-1.370339,2.0
-6.52817,-1.042695,2.0
-5.491142,0.049514,2.0
-5.1923,-0.800846,2.0
-5.392919,-0.002404,2.0
-4.974402,-0.852673,2.0
-6.313021,-0.557061,2.0
-6.437009,-0.162812,2.0
-5.888976,0.275761,2.0
-6.47635,-0.460492,2.0
-7.129992,0.501911,2.0
-6.140962,-0.571459,2.0
-5.928055,-0.472639,2.0
-5.870357,-0.415357,2.0
-5.758129,-0.03985,2.0
-6.350574,-1.06639,2.0
-6.333974,-0.500905,2.0
-6.554866,-0.726653,2.0
-6.60654,0.189838,2.0
-6.257308,-0.216462,2.0
-6.034341,0.41754,2.0
-6.372869,0.389884,2.0
-6.228336,-0.137626,2.0
-5.987798,-0.44179,2.0
-6.34788,0.17611,2.0
-5.766074,-0.400889,2.0
-5.879899,0.11255,2.0
-5.840152,0.004063,2.0
-5.528886,0.188609,2.0
-6.015521,-0.038116,2.0
-5.516772,0.148315,2.0
-5.8537,-0.835898,2.0
-6.600251,-1.66928,2.0
-5.717657,-0.765421,2.0
-6.105134,-0.222354,2.0
-5.223954,0.046522,2.0
-5.220622,-0.638948,2.0
-5.357795,-0.531399,2.0
-5.909424,-0.69478,2.0
-6.358793,-0.563337,2.0
-6.643903,-0.647291,2.0
-5.494204,0.194503,2.0
-6.309543,0.153517,2.0
-6.298341,0.249765,2.0
-6.230158,-0.283436,2.0
-6.315955,0.350593,2.0
-6.196943,0.115986,2.0
-6.381581,0.64502,2.0
-6.460492,0.30021,2.0
-6.12084,0.345413,2.0
-6.102136,0.902516,2.0
-5.541341,-0.169483,2.0
-5.280969,0.360833,2.0
-5.527594,-0.13178,2.0
-5.848983,-1.417399,2.0
-6.797709,-1.742275,2.0
-6.876231,-1.082802,2.0
-6.131906,-0.462583,2.0
-6.729907,-0.292278,2.0
-5.811799,-1.948477,2.0
-5.700622,-1.124624,2.0
-6.914962,-0.790394,2.0
-6.461282,-0.363302,2.0
-6.07059,-1.178945,2.0
-6.184675,-0.841144,2.0
-6.413071,-0.777021,2.0
-5.563722,-0.229263,2.0
-5.484576,-0.391467,2.0
-6.141156,-0.402415,2.0
-5.612053,-0.194633,2.0
-5.84084,0.119984,2.0
-6.079187,0.067272,2.0
-5.646157,-0.32293,2.0
-5.951135,0.332062,2.0
-6.797641,0.01173,2.0
-5.525843,-0.514974,2.0
-5.893602,-0.041377,2.0
-5.952871,-0.251173,2.0
-6.698806,-0.239726,2.0
-6.039487,-0.216437,2.0
-5.962902,-0.69676,2.0
-6.301503,-0.044332,2.0
-5.93098,-0.705355,2.0
-5.86875,-0.413839,2.0
-5.331843,-0.173452,2.0
-6.562489,0.080383,2.0
-4.883382,0.088605,2.0
-5.61525,0.272787,2.0
-6.067297,-0.646957,2.0
-5.952043,-0.859376,2.0
-6.043951,-0.536663,2.0
-5.2812,-0.177527,2.0
-5.227635,-0.248011,2.0
-5.697714,-0.335672,2.0
-6.290987,-0.74063,2.0
-6.394559,-0.695624,2.0
-5.459759,0.028649,2.0
-6.767116,-0.586256,2.0
-6.040516,-1.122128,2.0
-6.298441,-0.084886,2.0
-6.490469,-0.160142,2.0
-5.938147,-0.203446,2.0
-6.466045,-0.443902,2.0
-6.130353,-0.235596,2.0
-6.73418,-0.520238,2.0
-6.287343,-0.769303,2.0
-6.577249,-0.758309,2.0
-6.76678,-0.930783,2.0
-6.619164,-0.64882,2.0
-6.827021,-0.708876,2.0
-7.406598,-0.567667,2.0
-7.332445,-1.484749,2.0
-7.458041,-1.167099,2.0
-7.820055,-1.49295,2.0
-7.858808,-0.835957,2.0
-8.248774,-0.91412,2.0
-7.813056,-1.56508,2.0
-5.722144,-1.93125,2.0
-6.240703,-1.834407,2.0
-6.325139,-1.276462,2.0
-6.636655,-2.108646,2.0
-6.849557,-0.667281,2.0
-6.607446,-1.295969,2.0
-6.86294,-0.369604,2.0
-7.032945,-0.6995,2.0
-6.104203,-0.351778,2.0
-6.133324,-1.715891,2.0
-7.024326,-0.574485,2.0
-7.0867,-0.79449,2.0
-7.046887,-0.836387,2.0
-6.693608,-0.975458,2.0
-6.333186,-0.80944,2.0
-7.263401,-0.131958,2.0
-6.796876,-0.887643,2.0
-6.340431,-0.432056,2.0
-6.683095,-1.190644,2.0
-6.15437,-0.629929,2.0
-6.221841,-0.406666,2.0
-6.595042,-0.986993,2.0
-5.817813,-0.785815,2.0
-6.297575,-0.876499,2.0
-5.964401,-0.840743,2.0
-6.076131,-0.443192,2.0
-5.896114,-0.251336,2.0
-5.642351,-0.862957,2.0
-6.518552,-1.249272,2.0
-6.687198,-0.495017,2.0
-6.116631,-1.772857,2.0
-5.773804,-1.365955,2.0
-5.724115,-0.745833,2.0
-6.366484,-0.911087,2.0
-6.685582,-1.086866,2.0
-6.293291,-1.159587,2.0
-5.626793,-1.348448,2.0
-6.41116,-1.143571,2.0
-5.909099,-0.751751,2.0
-6.626881,-1.222482,2.0
-7.062126,-1.01812,2.0
-6.91257,-0.629287,2.0
-6.894274,-0.922278,2.0
-5.99691,-1.353295,2.0
-6.40621,-0.061673,2.0
-6.875813,-0.405671,2.0
-5.806394,-1.492166,2.0
-6.75216,-1.808615,2.0
-6.647095,-0.296996,2.0
-6.343438,-1.888136,2.0
-6.631197,-1.510879,2.0
-6.515872,-1.76911,2.0
-6.005738,-1.543539,2.0
-6.18812,-0.949664,2.0
-5.884833,-0.792271,2.0
-6.155201,-1.04053,2.0
-5.732924,-0.256067,2.0
-6.479204,-1.006166,2.0
-5.863028,-1.345664,2.0
-5.676369,-0.939304,2.0
-6.760795,-1.165974,2.0
-5.541527,-1.009042,2.0
